productId,attributeId,value,weight
1,6,628,0.46
1,11,641,0.76
1,29,71.82,0.15
1,30,Red,0.82
1,20,686,0.33
2,5,19.13,0.6
2,26,310,0.98
2,19,422,0.59
2,6,128,0.36
2,8,83.93,0.26
3,16,Silver,0.35
3,29,74.11,0.76
3,27,13.78,0.37
3,30,Silver,0.52
3,14,90.91,0.18
4,23,82.11,0.57
4,30,Yellow,0.98
4,17,57.95,0.52
4,14,47.6,0.41
4,3,896,0.75
5,13,Red,0.28
5,17,76.9,0.95
5,3,75,0.37
5,28,165,0.32
5,15,51.77,0.11
6,11,154,0.93
6,28,895,0.5
6,15,32.28,0.95
6,7,45.52,0.85
6,24,Black,0.64
7,9,56.62,0.75
7,15,1.93,0.28
7,13,White,0.46
7,28,844,0.4
7,4,64.28,0.33
8,19,423,0.76
8,17,75.62,0.7
8,10,77.25,0.36
8,24,Green,0.42
8,15,90.19,0.61
9,28,193,0.87
9,9,21.74,0.65
9,12,Black,0.4
9,16,Yellow,0.33
9,21,Blue,1.0
10,4,68.52,0.14
10,12,Silver,0.19
10,29,72.58,0.45
10,22,Green,0.28
10,20,707,0.47
11,25,271,0.48
11,3,724,0.39
11,13,White,0.55
11,8,91.08,0.16
11,23,88.29,0.86
12,14,34.3,0.33
12,18,Red,0.66
12,19,827,0.56
12,21,Silver,0.56
12,24,Yellow,0.58
13,30,Green,0.55
13,22,Red,0.73
13,4,78.2,0.79
13,1,296,0.71
13,10,39.81,0.27
14,16,Green,0.57
14,18,Red,0.4
14,6,622,0.94
14,13,Blue,0.76
14,1,976,0.51
15,8,6.92,0.66
15,6,473,0.98
15,1,782,0.62
15,10,89.62,0.22
15,29,35.41,0.13
16,9,33.75,0.85
16,3,740,0.59
16,29,58.39,0.52
16,24,Green,0.61
16,11,783,0.58
17,8,37.16,0.66
17,5,21.88,0.32
17,10,18.77,0.36
17,11,992,0.87
17,7,59.15,0.59
18,14,30.85,0.72
18,12,Silver,0.77
18,2,Blue,0.95
18,18,Yellow,0.35
18,4,29.87,0.84
19,21,Black,0.24
19,1,554,0.68
19,7,29.68,0.87
19,10,29.56,0.54
19,22,Black,0.2
20,31,495,0.63
20,11,904,0.11
20,21,Blue,0.74
20,7,83.94,0.62
20,19,579,0.54
21,6,590,0.93
21,28,272,0.25
21,25,451,0.3
21,8,86.53,0.98
21,26,212,0.7
22,19,478,0.86
22,6,38,0.61
22,17,82.65,0.6
22,1,764,0.27
22,27,15.08,0.94
23,11,301,0.67
23,28,719,0.99
23,25,655,0.2
23,2,White,0.49
23,19,927,0.58
24,19,323,0.33
24,17,87.85,0.23
24,20,291,0.97
24,4,68.65,0.53
24,31,888,0.49
25,17,23.91,0.82
25,5,4.31,0.81
25,7,2.56,0.49
25,16,Yellow,0.73
25,1,848,0.97
26,7,66.17,0.3
26,30,Yellow,0.73
26,22,Silver,0.21
26,25,721,0.51
26,6,466,0.92
27,12,Silver,0.33
27,30,Red,0.6
27,31,944,0.46
27,3,780,0.92
27,17,43.44,0.57
28,26,865,0.13
28,28,635,0.67
28,3,577,0.86
28,23,65.64,0.71
28,14,76.08,0.2
29,8,33.25,0.75
29,4,88.95,0.18
29,9,46.15,0.6
29,15,42.13,0.29
29,24,Silver,0.79
30,17,67.42,0.89
30,24,Blue,0.47
30,5,3.71,0.39
30,27,53.71,0.85
30,19,609,0.14
31,16,Green,0.4
31,31,103,0.89
31,19,69,0.59
31,28,321,0.61
31,21,Green,0.67
32,1,868,0.8
32,7,76.74,0.36
32,19,978,0.52
32,27,30.9,0.36
32,23,8.46,0.29
33,17,13.49,0.45
33,11,864,0.88
33,29,35.67,0.69
33,1,70,0.78
33,14,20.2,0.86
34,25,557,0.36
34,30,Silver,0.15
34,23,52.63,0.68
34,5,5.13,0.17
34,3,271,0.61
35,1,90,0.63
35,5,4.96,0.23
35,2,Green,0.87
35,4,5.21,0.45
35,23,89.33,0.78
36,11,847,0.84
36,9,15.58,0.91
36,29,88.13,0.43
36,6,152,0.2
36,17,3.17,0.8
37,8,86.81,0.82
37,23,72.73,0.23
37,7,72.31,0.39
37,18,Black,0.59
37,24,Red,0.5
38,24,White,0.8
38,1,940,0.27
38,28,469,0.62
38,20,994,0.71
38,10,93.11,1.0
39,17,13.01,0.64
39,5,3.04,0.26
39,26,438,0.69
39,3,17,0.79
39,8,70.34,0.86
40,3,856,0.73
40,30,Yellow,0.23
40,26,609,0.75
40,21,Green,0.78
40,18,Black,0.75
41,19,908,0.32
41,29,83.83,0.78
41,23,94.28,0.67
41,2,Silver,0.21
41,8,85.77,0.69
42,21,Silver,0.75
42,10,12.06,0.75
42,29,33.68,0.13
42,18,Blue,0.26
42,8,68.88,0.18
43,29,6.71,0.39
43,21,Yellow,0.2
43,27,64.99,0.33
43,17,42.78,0.22
43,13,Red,0.92
44,30,Black,0.34
44,15,7.38,0.39
44,3,253,0.57
44,27,98.32,0.36
44,19,226,0.28
45,20,434,0.42
45,14,26.23,0.85
45,8,57.92,0.58
45,5,88.2,0.96
45,7,57.07,0.88
46,1,27,0.12
46,14,6.42,0.22
46,24,Yellow,0.75
46,23,12.43,0.45
46,31,188,0.22
47,31,780,0.76
47,22,Red,0.36
47,5,66.25,0.61
47,10,68.66,0.3
47,4,28.24,0.52
48,17,26.96,0.5
48,21,Silver,0.1
48,18,Silver,0.52
48,22,White,0.73
48,8,88.42,0.72
49,7,77.41,0.67
49,29,89.9,0.35
49,2,Black,0.41
49,13,White,0.99
49,20,851,0.72
50,2,White,0.6
50,4,59.81,0.26
50,25,449,0.31
50,30,Blue,0.87
50,1,523,0.6
51,31,316,0.35
51,8,37.88,0.28
51,3,884,0.47
51,20,672,0.52
51,23,44.95,0.75
52,25,834,0.49
52,10,51.68,0.11
52,29,43.03,0.41
52,17,49.49,0.65
52,22,Black,0.88
53,11,447,0.76
53,31,504,0.31
53,23,94.08,0.82
53,9,60.94,0.85
53,12,Blue,0.89
54,12,Silver,0.74
54,4,83.12,0.14
54,9,32.2,0.18
54,29,52.52,0.95
54,1,56,0.29
55,19,310,0.83
55,27,22.37,0.98
55,15,97.2,0.89
55,9,81.49,0.64
55,30,White,0.16
56,7,21.1,0.47
56,17,31.51,0.36
56,3,419,0.23
56,11,956,0.86
56,23,52.37,0.34
57,8,69.48,0.11
57,21,White,0.23
57,10,32.45,0.31
57,17,13.81,0.46
57,5,25.93,0.24
58,17,27.77,0.62
58,14,80.95,0.98
58,13,Red,0.42
58,16,Blue,0.37
58,28,344,0.66
59,1,871,0.54
59,3,900,0.82
59,8,10.49,0.9
59,14,21.6,0.32
59,5,82.33,0.95
60,28,344,0.67
60,2,Red,0.69
60,30,White,0.11
60,29,69.11,0.14
60,3,473,0.53
61,5,59.06,0.41
61,30,Blue,0.22
61,17,53.94,0.91
61,8,38.06,0.7
61,1,75,0.56
62,22,Black,0.83
62,17,74.13,0.43
62,16,Red,0.31
62,1,941,0.65
62,19,660,0.6
63,10,6.68,0.48
63,6,11,0.24
63,2,Red,0.88
63,3,122,0.67
63,31,757,0.15
64,27,65.64,0.6
64,16,White,0.94
64,31,263,0.36
64,26,650,0.56
64,8,57.86,0.69
65,26,27,0.11
65,23,49.12,0.1
65,20,736,0.88
65,19,829,0.93
65,28,68,0.73
66,8,16.84,0.67
66,27,82.77,0.62
66,11,515,0.36
66,28,138,0.83
66,19,899,0.47
67,15,43.36,0.13
67,25,790,0.47
67,18,Red,0.8
67,23,83.76,0.14
67,27,40.5,0.14
68,8,59.9,0.99
68,23,3.05,0.74
68,20,4,0.36
68,11,894,0.9
68,1,982,0.75
69,14,64.64,1.0
69,2,White,0.25
69,20,187,0.56
69,12,Yellow,0.95
69,18,Blue,0.44
70,27,72.19,0.85
70,8,61.16,0.61
70,22,White,0.79
70,30,Silver,0.12
70,5,23.27,0.16
71,5,8.03,0.98
71,24,Red,0.96
71,18,Green,0.43
71,17,27.49,0.24
71,12,Blue,0.5
72,31,899,0.46
72,15,23.55,0.71
72,25,550,0.35
72,8,65.25,0.73
72,7,53.86,0.2
73,15,38.25,0.26
73,5,61.26,0.22
73,4,31.52,0.33
73,18,Silver,0.56
73,19,689,0.66
74,26,931,0.61
74,12,Blue,0.72
74,24,Red,0.19
74,22,Silver,0.96
74,10,28.27,0.29
75,3,471,0.9
75,29,97.4,0.29
75,20,271,0.7
75,24,Green,0.52
75,16,Blue,0.75
76,10,52.57,0.49
76,27,92.87,0.77
76,7,43.85,0.86
76,1,760,0.41
76,21,Silver,0.73
77,26,452,0.73
77,6,464,0.71
77,8,50.46,0.13
77,14,91.04,0.22
77,27,29.15,0.49
78,12,Blue,0.35
78,3,541,0.36
78,25,278,0.43
78,11,904,0.54
78,24,Black,0.44
79,16,Yellow,0.54
79,8,34.97,0.28
79,28,423,0.13
79,11,32,0.49
79,5,83.68,0.17
80,14,24.51,0.32
80,28,855,0.99
80,18,Silver,0.75
80,11,875,0.58
80,1,830,0.33
81,9,64.82,0.57
81,18,Yellow,0.66
81,6,313,0.81
81,20,831,0.47
81,2,Yellow,0.78
82,9,62.43,0.92
82,19,240,0.54
82,12,Blue,0.54
82,27,36.9,0.18
82,14,59.89,0.45
83,20,14,0.55
83,15,89.82,0.52
83,10,8.11,0.5
83,4,93.05,0.56
83,29,10.62,0.98
84,26,539,0.71
84,6,761,0.53
84,4,34.51,0.67
84,21,Blue,0.95
84,1,385,0.39
85,23,87.79,0.95
85,31,30,0.86
85,16,Yellow,0.37
85,7,41.28,0.51
85,28,491,0.26
86,16,White,0.35
86,11,528,0.95
86,13,Silver,0.47
86,12,White,0.52
86,6,387,0.98
87,25,470,0.55
87,30,Yellow,0.42
87,10,34.15,0.2
87,6,7,0.42
87,29,27.82,0.44
88,26,886,0.31
88,13,Black,0.54
88,14,17.25,0.38
88,22,Blue,0.36
88,20,19,0.3
89,16,Black,0.18
89,4,61.47,0.8
89,18,Yellow,0.57
89,22,White,0.29
89,28,707,0.19
90,2,Black,0.7
90,22,White,0.32
90,11,463,1.0
90,13,Blue,0.32
90,31,104,0.23
91,22,Red,0.51
91,14,73.31,0.48
91,29,36.99,0.4
91,28,112,0.93
91,9,71.47,0.45
92,30,Silver,0.58
92,7,72.35,0.14
92,10,4.28,0.82
92,18,White,0.6
92,13,Black,0.28
93,29,15.96,0.66
93,13,Yellow,0.22
93,21,Silver,0.76
93,20,405,0.17
93,28,394,0.43
94,16,Green,0.74
94,29,52.21,0.62
94,10,73.95,0.76
94,18,Green,0.51
94,24,Green,0.91
95,22,Yellow,0.39
95,2,Red,0.62
95,21,White,0.5
95,8,93.02,0.79
95,16,White,0.38
96,31,841,0.33
96,9,38.98,0.4
96,11,729,0.98
96,18,White,0.84
96,13,Red,0.36
97,7,13.87,0.87
97,8,81.49,0.17
97,29,58.28,0.13
97,25,450,0.9
97,2,Blue,0.85
98,16,Red,0.77
98,9,66.42,0.87
98,14,38.2,0.82
98,6,489,0.22
98,20,496,0.89
99,29,93.11,0.79
99,4,43.76,0.7
99,31,897,0.9
99,25,476,0.13
99,6,854,0.26
100,31,953,0.61
100,27,41.01,0.64
100,6,966,0.32
100,30,Black,0.41
100,23,41.21,0.55
101,25,526,0.99
101,9,50.18,0.7
101,11,530,0.31
101,28,491,0.11
101,19,776,0.24
102,3,915,0.38
102,14,87.51,0.76
102,18,Silver,0.15
102,25,279,0.89
102,13,Yellow,0.34
103,16,Green,0.32
103,24,Green,1.0
103,7,85.38,0.43
103,12,Green,0.97
103,5,49.36,0.64
104,24,Silver,0.85
104,22,Silver,0.27
104,10,82.94,0.61
104,21,Black,0.54
104,18,Green,0.73
105,7,30.89,0.9
105,25,208,0.19
105,18,Black,0.46
105,27,51.52,0.52
105,28,762,0.8
106,10,74.47,0.46
106,22,Silver,0.43
106,28,316,0.2
106,15,29.29,0.22
106,2,Red,0.27
107,6,167,0.55
107,17,94.85,0.36
107,15,37.13,0.29
107,8,47.78,0.28
107,22,Red,0.21
108,10,19.61,0.49
108,27,72.85,0.97
108,22,White,0.48
108,20,365,0.72
108,25,349,0.26
109,7,24.95,0.83
109,20,413,0.75
109,10,57.65,0.53
109,25,364,0.79
109,30,Black,0.98
110,31,705,0.86
110,13,Silver,0.57
110,28,185,0.91
110,18,Blue,0.77
110,25,582,0.94
111,6,576,0.91
111,19,273,0.65
111,22,Blue,0.11
111,7,61.24,0.16
111,10,96.09,0.54
112,30,Silver,0.17
112,31,27,0.26
112,3,678,0.53
112,20,805,0.21
112,18,White,0.88
113,15,11.41,0.56
113,13,White,0.57
113,28,59,0.75
113,29,88.42,0.55
113,26,228,0.34
114,14,72.35,0.32
114,8,99.93,0.39
114,26,486,0.49
114,19,953,0.91
114,12,White,0.87
115,17,9.77,0.18
115,14,89.62,0.54
115,10,82.69,0.36
115,9,30.04,0.99
115,20,378,0.21
116,30,Black,0.47
116,12,Green,0.45
116,31,691,0.13
116,24,Black,0.55
116,8,63.82,0.64
117,31,678,0.66
117,12,Silver,0.61
117,14,56.91,0.99
117,25,824,0.53
117,28,436,0.8
118,22,Yellow,0.34
118,29,3.13,0.93
118,15,13.54,0.28
118,20,364,0.88
118,11,398,0.53
119,22,Blue,0.32
119,27,23.05,0.93
119,14,83.41,0.96
119,24,Black,0.72
119,28,395,0.29
120,19,17,0.57
120,9,88.72,0.39
120,1,680,0.32
120,5,53.67,0.23
120,22,Silver,0.97
121,7,95.92,0.24
121,12,Silver,0.13
121,18,Silver,0.63
121,17,70.37,0.49
121,24,Silver,0.35
122,12,Black,0.52
122,27,76.04,0.22
122,28,622,0.12
122,16,Green,0.48
122,3,337,0.4
123,23,73.12,0.24
123,12,Green,0.87
123,6,183,0.54
123,17,68.34,0.79
123,22,Red,0.46
124,22,Red,0.69
124,16,Blue,0.87
124,31,148,0.25
124,17,75.27,0.99
124,25,405,0.45
125,4,52.5,0.82
125,26,223,0.24
125,7,1.16,0.85
125,2,Silver,0.74
125,5,72.63,0.78
126,2,Silver,0.69
126,29,13.29,0.42
126,16,Yellow,0.72
126,17,56.7,0.59
126,15,51.73,0.72
127,24,Yellow,0.89
127,19,981,0.66
127,16,Silver,0.39
127,8,93.88,0.23
127,10,44.05,0.65
128,15,82.4,0.33
128,22,Blue,0.2
128,14,6.08,0.47
128,26,754,0.4
128,24,Green,0.41
129,25,990,0.73
129,7,30.08,0.52
129,20,451,0.41
129,15,13.28,0.65
129,3,713,0.16
130,12,Silver,0.31
130,3,77,0.2
130,6,97,0.96
130,11,300,0.75
130,29,97.36,0.59
131,14,20.91,0.2
131,13,Yellow,0.49
131,28,625,0.73
131,31,128,0.28
131,10,70.76,0.13
132,19,427,0.28
132,25,986,0.26
132,6,709,0.96
132,30,Yellow,0.48
132,13,Silver,0.33
133,19,324,0.4
133,2,Yellow,0.46
133,5,52.41,0.35
133,18,Red,0.61
133,4,45.55,0.49
134,9,6.5,0.26
134,26,629,0.67
134,29,89.11,0.62
134,27,63.43,0.96
134,15,69.32,0.56
135,20,420,0.67
135,3,276,0.52
135,19,177,0.56
135,2,Blue,0.82
135,9,58.03,0.16
136,11,54,0.92
136,6,778,0.44
136,26,992,0.32
136,20,603,0.22
136,22,Green,0.37
137,7,93.7,0.74
137,17,91.61,0.14
137,18,White,0.6
137,8,27.31,0.51
137,15,89.18,0.5
138,8,4.0,0.38
138,24,Black,0.35
138,28,612,0.51
138,14,18.94,0.62
138,9,78.1,0.32
139,23,45.65,0.47
139,2,Red,0.47
139,27,90.98,0.65
139,20,945,0.87
139,25,708,0.11
140,19,119,0.57
140,7,85.43,0.28
140,29,7.17,0.41
140,21,Black,0.6
140,26,139,0.72
141,12,Yellow,0.2
141,4,38.67,0.39
141,11,624,0.24
141,14,23.38,0.41
141,31,112,0.19
142,3,342,0.6
142,5,49.72,0.84
142,12,Black,0.42
142,29,31.95,0.78
142,17,78.57,0.67
143,1,309,0.2
143,20,727,0.39
143,28,860,0.81
143,3,792,0.21
143,16,Yellow,0.45
144,31,621,0.94
144,12,Yellow,0.91
144,17,66.87,0.99
144,23,53.43,0.95
144,19,139,0.75
145,28,879,0.38
145,4,61.01,0.87
145,24,Silver,0.94
145,21,Black,0.5
145,12,Green,0.32
146,13,Blue,0.14
146,26,444,0.79
146,31,58,0.48
146,14,10.81,0.82
146,15,27.84,0.44
147,24,Silver,0.55
147,25,420,0.87
147,16,Blue,0.67
147,14,69.63,0.78
147,12,Green,0.41
148,6,424,0.5
148,7,84.8,0.28
148,30,White,0.32
148,22,Red,0.28
148,14,33.7,0.54
149,22,White,0.91
149,17,48.32,0.49
149,6,599,0.88
149,20,546,0.41
149,5,55.44,0.17
150,20,486,0.43
150,15,46.95,0.68
150,25,719,0.67
150,3,934,0.69
150,16,Green,0.72
151,30,Black,0.3
151,1,500,0.77
151,20,612,0.42
151,29,42.57,0.9
151,3,794,0.27
152,29,30.83,0.69
152,21,Blue,0.31
152,13,Black,0.57
152,2,Silver,0.98
152,8,58.39,0.45
153,20,991,0.51
153,16,White,0.68
153,27,88.4,0.82
153,26,958,0.83
153,22,Yellow,0.79
154,5,95.42,0.23
154,23,51.9,0.37
154,13,Yellow,0.7
154,2,Green,0.72
154,8,97.94,0.42
155,26,277,0.26
155,3,734,0.37
155,29,93.62,0.7
155,21,Blue,0.5
155,7,8.8,0.1
156,25,532,0.41
156,18,Green,0.89
156,29,49.98,0.61
156,14,26.61,0.19
156,16,Silver,0.17
157,15,35.15,0.96
157,2,Black,0.81
157,14,72.65,0.81
157,6,257,0.12
157,22,Green,0.34
158,10,71.71,0.29
158,15,72.14,0.91
158,21,Blue,0.81
158,6,452,0.45
158,24,Red,0.9
159,11,554,0.78
159,21,Silver,0.51
159,24,Silver,0.67
159,10,81.19,0.74
159,19,3,0.33
160,29,12.02,0.22
160,1,586,0.55
160,23,54.05,0.1
160,19,541,0.82
160,8,45.49,0.59
161,12,Black,0.55
161,7,51.71,0.2
161,16,White,0.98
161,21,Yellow,0.48
161,18,Blue,0.77
162,7,16.07,0.88
162,11,924,0.31
162,15,73.51,0.53
162,9,21.67,0.64
162,5,24.69,0.65
163,22,White,0.63
163,12,Silver,0.26
163,16,Silver,0.52
163,28,681,0.41
163,17,27.31,0.16
164,25,7,0.5
164,4,66.58,0.86
164,23,35.0,0.19
164,2,Red,0.61
164,21,Yellow,0.9
165,18,Blue,0.52
165,17,37.26,0.23
165,27,11.97,0.42
165,15,86.11,0.29
165,29,63.74,0.46
166,10,69.55,0.92
166,17,92.42,0.42
166,31,577,0.19
166,20,779,0.14
166,21,Silver,0.4
167,15,37.26,0.38
167,2,Yellow,0.42
167,30,White,0.93
167,10,93.03,0.98
167,28,79,0.65
168,7,62.13,0.56
168,10,34.65,0.39
168,20,509,0.91
168,23,59.77,0.25
168,22,Yellow,0.38
169,27,34.46,0.9
169,22,Red,0.42
169,11,127,0.17
169,10,35.82,0.59
169,6,620,0.89
170,5,83.52,0.44
170,12,Red,0.16
170,19,94,0.7
170,28,660,0.31
170,3,575,0.77
171,19,744,0.58
171,9,82.52,0.19
171,25,834,0.82
171,23,20.32,0.16
171,27,63.31,0.96
172,26,643,0.24
172,16,Blue,0.75
172,9,31.71,0.56
172,27,33.35,0.7
172,13,Red,0.61
173,23,65.01,0.35
173,28,764,0.45
173,2,Yellow,0.96
173,30,Yellow,0.7
173,14,79.16,0.52
174,14,27.51,0.86
174,19,612,0.93
174,3,408,0.67
174,5,98.68,0.87
174,10,13.6,0.94
175,5,74.8,0.4
175,15,45.57,0.42
175,26,370,0.1
175,11,156,0.34
175,23,94.32,0.47
176,14,66.46,0.99
176,9,17.48,0.47
176,2,Yellow,0.81
176,11,289,0.11
176,23,22.67,0.11
177,11,963,0.62
177,2,Green,0.32
177,20,149,0.14
177,27,41.68,0.51
177,16,Blue,0.34
178,4,41.02,0.87
178,20,788,0.28
178,18,Silver,0.93
178,12,Red,0.23
178,3,320,0.43
179,3,604,0.32
179,16,Silver,0.45
179,29,72.37,0.68
179,26,620,0.76
179,20,190,0.22
180,5,46.75,0.12
180,12,Green,0.96
180,23,57.08,0.97
180,18,Black,0.17
180,7,77.56,0.15
181,21,Green,0.6
181,20,77,0.51
181,3,931,0.34
181,30,Blue,0.39
181,27,77.38,0.41
182,22,Red,0.41
182,8,72.8,0.54
182,28,512,0.69
182,1,807,0.16
182,12,Blue,0.37
183,18,White,0.84
183,1,576,0.77
183,24,Green,0.31
183,29,86.95,0.61
183,4,4.9,0.95
184,3,567,0.4
184,10,38.21,0.54
184,4,38.79,0.34
184,17,84.68,0.71
184,11,180,0.14
185,3,209,0.86
185,4,27.27,0.82
185,9,68.89,0.96
185,16,Silver,0.44
185,28,599,0.15
186,28,773,0.36
186,5,74.68,0.98
186,4,85.6,0.42
186,6,910,0.14
186,12,Silver,0.62
187,11,502,0.74
187,29,25.03,0.38
187,17,75.32,0.8
187,14,72.26,0.9
187,9,70.34,0.82
188,15,84.27,0.63
188,1,325,0.1
188,11,12,0.62
188,7,44.62,0.94
188,6,427,0.73
189,8,25.67,0.71
189,19,720,0.38
189,18,Blue,0.4
189,4,40.98,0.15
189,11,61,0.82
190,21,Blue,0.14
190,17,43.61,0.83
190,13,Green,0.99
190,8,1.64,0.89
190,12,Green,0.23
191,9,71.74,0.73
191,1,113,0.11
191,3,821,0.37
191,13,Green,0.35
191,17,54.16,0.61
192,26,982,0.48
192,19,893,0.29
192,23,51.77,0.23
192,18,Blue,0.65
192,6,758,0.11
193,24,Red,0.53
193,10,68.06,0.95
193,27,89.38,0.64
193,31,946,0.49
193,23,83.77,0.22
194,17,68.44,0.78
194,9,75.21,0.48
194,30,Yellow,0.34
194,21,Blue,0.26
194,13,Blue,0.4
195,7,54.15,0.36
195,17,89.43,0.71
195,23,77.76,0.27
195,29,81.08,0.85
195,5,10.8,0.85
196,14,86.8,0.5
196,6,97,0.94
196,9,4.81,0.95
196,1,393,0.59
196,20,340,0.4
197,4,87.74,0.85
197,30,Green,0.21
197,28,209,0.46
197,31,272,0.34
197,24,Blue,0.43
198,4,29.7,0.33
198,20,202,0.68
198,13,White,0.81
198,5,3.97,0.56
198,12,Blue,0.1
199,15,97.93,0.16
199,26,63,0.92
199,12,Yellow,0.18
199,8,78.05,0.45
199,27,34.56,0.91
200,22,Yellow,0.71
200,20,491,0.72
200,14,63.5,0.8
200,15,87.62,0.18
200,11,824,0.13
201,18,Red,0.59
201,21,Blue,0.2
201,12,Silver,0.17
201,24,Blue,0.69
201,15,65.16,0.62
202,9,37.81,0.75
202,6,851,0.58
202,8,96.47,0.98
202,28,551,0.9
202,21,Red,0.91
203,29,31.27,0.28
203,20,15,0.15
203,27,35.8,0.53
203,17,56.55,0.11
203,7,10.76,0.22
204,18,Red,0.29
204,21,Silver,0.14
204,25,392,0.57
204,22,Blue,0.56
204,30,Black,0.76
205,3,646,0.6
205,18,White,0.45
205,8,28.52,0.94
205,30,White,0.29
205,4,2.5,0.33
206,6,646,0.47
206,23,87.29,0.32
206,15,30.15,0.52
206,4,4.56,0.54
206,22,Green,0.37
207,23,65.93,0.27
207,11,834,0.54
207,15,3.75,0.83
207,27,13.79,0.18
207,14,43.52,0.44
208,9,58.22,0.46
208,26,285,0.28
208,5,62.39,0.16
208,21,Silver,0.33
208,20,87,0.77
209,8,23.79,0.18
209,26,769,0.26
209,17,19.58,0.37
209,7,1.29,0.2
209,20,456,0.26
210,6,187,0.5
210,28,587,0.26
210,27,73.91,0.12
210,10,57.35,0.53
210,19,154,0.78
211,6,874,0.73
211,30,Yellow,0.33
211,9,62.22,0.34
211,20,355,0.46
211,21,Red,0.16
212,26,747,0.25
212,7,75.87,0.58
212,16,Yellow,0.73
212,1,306,0.83
212,9,92.32,0.26
213,15,37.92,0.37
213,4,8.65,0.35
213,30,Silver,0.54
213,31,374,0.56
213,19,597,0.28
214,13,Green,0.5
214,15,31.65,0.61
214,28,276,0.68
214,26,448,0.97
214,18,Silver,0.26
215,21,Yellow,0.51
215,22,White,0.9
215,13,Green,0.4
215,27,45.16,0.56
215,31,891,0.72
216,2,Red,0.89
216,16,Red,0.33
216,24,Black,0.51
216,25,321,0.93
216,7,37.71,0.41
217,17,42.91,0.74
217,23,76.85,0.34
217,27,71.3,0.98
217,9,90.34,0.74
217,25,575,0.93
218,7,54.93,0.95
218,29,43.56,0.61
218,20,962,0.77
218,30,Green,0.16
218,10,98.8,0.18
219,19,707,0.54
219,31,917,0.15
219,4,63.98,0.46
219,13,Green,0.56
219,10,6.48,0.83
220,6,127,0.91
220,17,36.54,0.95
220,14,48.19,0.3
220,29,52.89,1.0
220,19,157,0.66
221,16,Black,0.24
221,17,20.25,0.55
221,6,278,0.87
221,23,6.33,0.12
221,9,93.15,0.31
222,19,572,0.9
222,21,Silver,0.37
222,15,69.93,0.78
222,10,36.92,0.32
222,5,36.97,0.8
223,10,84.55,0.59
223,27,86.65,0.78
223,18,Green,0.45
223,7,64.7,0.28
223,14,27.01,0.61
224,23,1.53,0.27
224,28,47,0.25
224,12,Green,0.65
224,9,79.56,0.3
224,14,41.6,0.85
225,27,24.75,0.1
225,21,Blue,0.26
225,24,Silver,0.74
225,6,101,0.79
225,17,87.01,0.12
226,16,Blue,0.15
226,20,520,0.52
226,9,91.47,0.64
226,28,441,0.9
226,5,85.34,0.21
227,13,Red,0.39
227,16,Green,0.73
227,19,932,0.93
227,4,14.07,0.15
227,21,White,0.69
228,22,Blue,0.2
228,31,183,0.81
228,29,50.92,0.26
228,5,8.1,0.57
228,30,Yellow,0.7
229,1,215,0.53
229,29,75.21,0.51
229,14,22.36,0.34
229,31,457,0.5
229,10,60.44,0.33
230,21,Blue,0.28
230,1,627,0.1
230,29,87.36,0.27
230,4,85.34,0.86
230,2,Black,0.85
231,11,48,0.9
231,2,Yellow,0.62
231,19,321,0.7
231,29,61.15,1.0
231,28,837,0.93
232,14,36.7,0.41
232,4,48.74,0.3
232,30,White,0.75
232,5,54.03,0.59
232,25,669,0.73
233,22,Blue,0.89
233,31,448,0.67
233,19,471,0.44
233,1,810,0.19
233,16,Blue,0.15
234,21,Black,0.91
234,23,23.12,0.39
234,30,Yellow,0.55
234,29,98.15,0.66
234,10,68.64,0.32
235,25,538,0.97
235,31,588,0.7
235,23,68.75,0.55
235,11,470,0.42
235,30,Silver,0.57
236,16,Silver,0.43
236,31,680,0.44
236,22,Yellow,0.56
236,9,28.62,0.5
236,2,Green,0.45
237,30,White,0.16
237,26,365,0.96
237,21,Yellow,0.47
237,4,10.28,0.34
237,16,White,0.54
238,6,209,0.67
238,29,60.07,0.11
238,18,Blue,0.82
238,16,Blue,0.79
238,7,8.18,0.49
239,23,33.43,0.29
239,10,50.45,0.55
239,20,845,0.42
239,16,Yellow,0.96
239,25,68,0.37
240,26,924,0.59
240,6,225,0.39
240,18,Yellow,0.45
240,30,Black,0.12
240,16,Red,0.84
241,26,518,0.24
241,1,694,0.6
241,31,449,0.39
241,24,Black,0.17
241,8,24.24,0.19
242,5,60.8,0.97
242,8,13.21,0.52
242,17,84.4,0.66
242,22,Black,0.51
242,25,174,0.46
243,18,Silver,0.63
243,5,91.31,0.56
243,9,68.17,0.64
243,21,Blue,0.95
243,15,38.13,0.78
244,19,731,0.29
244,15,41.59,0.29
244,25,709,0.36
244,7,13.27,0.69
244,6,138,0.75
245,23,21.82,0.93
245,3,281,0.94
245,10,69.6,0.61
245,19,487,0.91
245,21,Blue,0.55
246,17,58.2,0.38
246,16,Black,0.26
246,20,696,0.58
246,2,White,0.2
246,4,26.1,0.13
247,18,Black,0.75
247,19,387,0.4
247,3,961,0.49
247,5,28.85,0.3
247,27,82.91,0.41
248,31,465,0.1
248,8,89.17,0.67
248,5,12.41,0.5
248,24,Blue,0.61
248,27,3.07,0.55
249,20,886,0.15
249,25,364,0.85
249,10,5.45,0.35
249,28,697,1.0
249,11,998,0.52
250,2,White,0.27
250,18,White,0.88
250,7,18.12,0.6
250,30,Black,0.62
250,6,247,0.86
251,25,281,0.29
251,23,18.68,0.97
251,6,25,0.61
251,20,871,0.42
251,29,4.76,0.81
252,6,939,0.75
252,14,5.77,0.17
252,11,168,0.77
252,13,Silver,0.63
252,12,Red,0.3
253,14,29.9,0.41
253,1,768,0.49
253,11,721,0.32
253,7,43.48,0.72
253,26,385,0.45
254,20,64,0.13
254,10,7.86,0.21
254,27,28.25,0.43
254,25,961,0.61
254,9,51.76,0.81
255,21,Blue,0.15
255,24,White,0.29
255,6,601,0.1
255,9,55.96,0.4
255,5,16.13,0.49
256,29,11.86,0.57
256,14,31.53,0.21
256,20,899,0.71
256,8,26.53,0.6
256,22,Yellow,0.54
257,9,70.74,0.67
257,21,Blue,0.19
257,22,Black,0.83
257,12,Blue,0.36
257,6,404,0.85
258,20,929,0.78
258,15,3.43,0.14
258,25,222,0.25
258,12,Silver,0.51
258,24,Red,0.51
259,27,67.91,0.25
259,1,995,0.75
259,16,Black,0.65
259,10,49.52,0.59
259,31,655,0.77
260,12,White,0.11
260,29,94.46,0.36
260,5,21.15,0.47
260,4,26.46,0.71
260,1,812,0.24
261,21,Black,0.51
261,3,401,0.4
261,4,54.64,0.85
261,18,Red,0.62
261,22,White,0.19
262,23,51.43,0.87
262,2,Black,0.82
262,30,Blue,0.17
262,14,17.93,0.66
262,5,53.06,0.72
263,20,656,0.89
263,17,68.23,0.39
263,9,95.32,0.87
263,14,73.15,0.58
263,7,97.81,0.84
264,20,673,0.46
264,18,Black,0.79
264,31,331,0.33
264,11,290,0.48
264,24,Yellow,0.25
265,8,73.19,0.54
265,10,44.38,0.79
265,22,Blue,0.28
265,23,68.81,0.37
265,13,Black,0.3
266,15,53.96,0.67
266,23,53.71,0.9
266,7,53.01,0.74
266,17,23.79,0.21
266,29,21.84,0.82
267,31,525,0.94
267,14,55.2,0.75
267,2,Silver,0.26
267,19,585,0.77
267,3,296,0.34
268,1,30,0.77
268,8,63.24,0.91
268,3,514,0.46
268,18,Silver,0.83
268,6,34,0.65
269,2,Black,0.42
269,1,824,0.52
269,6,568,0.47
269,7,33.51,0.36
269,31,548,0.84
270,12,Black,0.63
270,13,Blue,0.23
270,14,20.27,0.96
270,2,Red,0.2
270,6,144,0.71
271,9,8.0,0.9
271,20,29,0.26
271,29,63.24,0.18
271,15,81.19,0.37
271,1,815,0.31
272,26,774,0.78
272,18,White,0.33
272,7,70.4,0.18
272,22,White,0.54
272,5,8.08,0.68
273,25,840,0.73
273,4,31.92,0.81
273,31,843,0.35
273,1,761,0.55
273,3,120,0.64
274,14,69.58,0.64
274,17,23.45,0.2
274,19,474,0.5
274,9,41.42,0.69
274,10,50.31,0.5
275,19,279,0.92
275,1,21,0.33
275,29,55.33,0.5
275,18,Silver,0.15
275,6,159,0.46
276,20,929,0.87
276,13,Yellow,0.75
276,16,Blue,0.71
276,21,Green,0.83
276,31,581,0.58
277,5,10.04,0.43
277,31,623,0.5
277,26,216,0.34
277,6,536,0.19
277,25,763,0.96
278,14,57.14,0.53
278,18,Silver,0.9
278,7,15.14,0.13
278,4,72.33,0.86
278,27,58.44,0.43
279,29,1.01,0.86
279,16,Blue,0.55
279,28,549,0.4
279,30,Black,0.96
279,26,989,0.95
280,6,741,0.62
280,29,27.52,0.14
280,13,Yellow,0.57
280,26,344,0.5
280,11,525,0.87
281,11,644,0.68
281,25,876,0.83
281,19,879,0.49
281,12,Green,0.51
281,1,254,0.14
282,26,779,0.23
282,23,56.62,0.33
282,20,394,0.75
282,3,683,0.35
282,21,Black,0.17
283,20,490,0.57
283,17,38.87,0.85
283,31,523,0.93
283,12,Red,0.87
283,28,292,0.47
284,27,4.43,0.13
284,9,3.63,0.92
284,31,761,0.46
284,2,White,0.32
284,16,White,0.7
285,6,340,0.33
285,9,80.21,0.98
285,13,Black,0.4
285,10,35.97,0.38
285,7,9.42,0.89
286,31,788,0.26
286,21,Black,0.86
286,2,Yellow,0.12
286,25,36,0.26
286,1,97,0.73
287,10,67.44,0.8
287,2,Green,0.81
287,16,Red,0.39
287,26,874,0.24
287,20,561,0.16
288,5,3.26,0.75
288,26,679,0.67
288,11,16,0.13
288,27,49.63,0.42
288,12,Black,0.58
289,28,923,0.77
289,25,183,0.59
289,29,68.3,0.6
289,27,36.11,0.59
289,1,951,0.61
290,20,668,0.66
290,30,White,0.19
290,5,70.42,0.96
290,11,697,0.78
290,12,Silver,0.38
291,24,Green,0.15
291,5,45.4,0.67
291,2,Yellow,0.43
291,14,64.63,0.49
291,3,112,0.46
292,9,20.83,0.89
292,18,Silver,0.8
292,14,86.49,0.32
292,16,White,0.78
292,7,24.4,0.35
293,8,36.09,0.58
293,5,62.47,0.31
293,6,518,0.67
293,19,518,0.67
293,28,268,0.45
294,27,25.99,0.21
294,21,Yellow,0.63
294,14,89.85,0.23
294,18,White,0.33
294,22,Green,0.69
295,16,Silver,0.24
295,30,Silver,0.44
295,31,274,0.4
295,8,37.95,0.25
295,9,49.35,0.17
296,1,110,0.6
296,25,905,0.66
296,19,441,0.39
296,27,41.99,0.6
296,15,3.26,0.23
297,14,50.84,0.92
297,3,427,0.98
297,16,White,0.9
297,6,826,0.98
297,28,223,0.15
298,29,70.37,0.64
298,7,98.69,0.53
298,24,Black,0.88
298,8,32.75,0.87
298,21,Silver,0.58
299,8,5.98,0.12
299,20,166,0.1
299,12,White,0.78
299,26,33,0.5
299,6,384,0.8
300,19,815,0.24
300,28,627,0.5
300,22,Silver,0.81
300,23,29.08,0.27
300,11,729,0.84
301,23,43.71,0.83
301,22,Green,0.11
301,17,24.85,0.91
301,19,934,0.57
301,21,Blue,0.3
302,12,Yellow,0.23
302,31,205,0.34
302,19,903,0.49
302,15,62.92,0.36
302,24,Silver,0.1
303,27,85.13,0.69
303,8,85.39,0.73
303,20,1000,0.86
303,21,Black,0.14
303,6,130,0.44
304,2,Red,0.91
304,11,633,0.75
304,24,Green,0.23
304,10,35.92,0.31
304,16,Yellow,0.42
305,7,7.02,0.16
305,10,8.38,0.58
305,22,Black,0.99
305,4,71.89,0.29
305,3,13,0.17
306,12,Silver,0.97
306,7,2.28,1.0
306,6,73,0.87
306,22,Silver,0.61
306,21,Blue,0.77
307,28,118,0.83
307,18,Green,0.32
307,29,12.52,0.9
307,27,74.66,0.21
307,17,88.73,0.13
308,25,827,0.9
308,30,Red,0.3
308,5,55.8,0.35
308,7,92.08,0.76
308,15,46.39,0.13
309,9,9.99,0.17
309,13,Green,0.7
309,21,Red,0.27
309,2,Red,0.98
309,1,839,0.75
310,20,41,1.0
310,15,46.31,0.96
310,19,1000,0.27
310,14,21.55,0.76
310,30,Red,0.52
311,19,397,0.73
311,17,32.75,0.26
311,23,99.22,0.23
311,29,91.86,0.48
311,27,80.94,0.45
312,25,289,0.15
312,19,100,0.12
312,3,211,0.44
312,8,43.19,0.89
312,6,35,0.23
313,15,7.58,0.37
313,19,434,0.12
313,8,1.17,0.83
313,16,Blue,0.82
313,21,Green,0.97
314,21,Black,0.9
314,1,531,0.36
314,27,53.43,0.17
314,16,Yellow,0.11
314,2,Black,0.64
315,13,White,0.63
315,15,42.6,0.83
315,10,31.62,0.52
315,20,38,0.17
315,11,656,0.82
316,11,35,0.17
316,27,68.71,0.64
316,7,56.88,0.15
316,21,Silver,0.9
316,28,331,0.92
317,14,11.94,0.74
317,18,Red,0.9
317,6,548,0.59
317,20,379,0.47
317,25,58,0.86
318,24,Green,0.42
318,17,60.3,0.38
318,6,997,0.18
318,1,568,0.29
318,27,85.54,0.75
319,7,1.15,0.58
319,19,174,0.15
319,4,36.54,0.25
319,12,Red,0.69
319,22,Black,0.24
320,5,97.59,0.22
320,7,39.64,0.9
320,23,23.69,0.69
320,26,779,0.11
320,13,Red,0.11
321,15,83.59,0.42
321,23,78.06,0.62
321,19,918,0.53
321,12,Green,0.75
321,1,562,0.72
322,7,74.34,0.19
322,17,37.55,0.33
322,30,Red,0.98
322,13,Yellow,0.18
322,11,724,0.81
323,26,841,0.76
323,6,117,0.13
323,24,Blue,0.39
323,1,238,0.75
323,16,White,0.86
324,9,72.04,0.7
324,5,31.33,0.25
324,15,53.94,0.56
324,14,21.79,0.71
324,1,20,0.83
325,19,494,0.31
325,18,Blue,0.98
325,8,56.33,0.87
325,5,62.49,0.98
325,20,349,0.15
326,27,56.85,0.77
326,13,Yellow,0.3
326,6,639,0.48
326,11,705,0.64
326,31,395,0.69
327,1,55,0.34
327,15,58.99,0.14
327,11,335,0.4
327,9,2.92,0.67
327,8,58.89,0.88
328,25,342,0.63
328,30,White,0.38
328,9,76.6,0.21
328,1,9,0.23
328,15,71.11,0.59
329,23,86.9,0.37
329,28,459,0.86
329,8,5.31,0.69
329,1,244,0.2
329,25,181,0.94
330,8,41.34,0.59
330,13,Red,0.88
330,14,18.23,0.33
330,18,Green,0.94
330,17,73.16,0.34
331,11,876,0.5
331,12,Red,0.65
331,3,283,0.59
331,9,18.65,0.35
331,7,39.35,0.42
332,5,23.65,0.59
332,14,88.12,0.44
332,28,573,0.14
332,19,141,0.48
332,11,693,0.27
333,6,780,0.7
333,9,66.57,0.81
333,14,60.37,0.45
333,28,273,0.44
333,11,665,0.31
334,5,19.39,0.85
334,12,Red,0.71
334,24,Black,0.7
334,26,190,0.93
334,30,Red,0.36
335,22,Silver,0.53
335,1,544,0.55
335,28,885,0.13
335,6,521,0.28
335,27,43.03,0.44
336,21,Silver,0.23
336,2,White,0.82
336,25,847,0.19
336,6,506,0.32
336,14,52.29,0.97
337,2,White,0.26
337,5,66.75,0.42
337,9,15.21,0.18
337,15,11.04,0.34
337,20,387,0.13
338,8,68.52,0.99
338,16,Silver,0.56
338,22,Red,0.89
338,30,Green,0.74
338,3,583,0.76
339,19,420,0.69
339,20,132,0.51
339,29,35.57,0.84
339,17,90.82,0.61
339,3,473,0.48
340,24,White,0.32
340,28,788,0.82
340,20,690,0.79
340,5,79.15,0.57
340,13,Green,0.82
341,19,593,0.99
341,21,Black,0.67
341,7,5.41,0.51
341,10,96.3,0.98
341,14,17.4,0.82
342,25,978,0.29
342,16,Black,0.65
342,1,37,0.51
342,26,441,0.25
342,22,Red,0.21
343,31,412,0.69
343,26,631,0.28
343,19,460,0.89
343,1,197,0.85
343,9,75.67,0.5
344,4,29.61,0.23
344,30,Black,0.87
344,22,Yellow,0.95
344,27,7.24,0.39
344,17,18.46,0.12
345,8,67.65,0.78
345,28,484,0.56
345,30,Red,0.94
345,3,254,0.87
345,4,49.49,0.48
346,10,96.66,0.41
346,17,52.43,0.85
346,19,869,0.78
346,5,45.23,0.27
346,29,29.68,0.91
347,27,79.55,0.53
347,20,519,0.72
347,5,6.35,0.62
347,7,58.54,0.67
347,2,Black,0.81
348,7,32.15,0.76
348,20,132,0.13
348,15,31.33,0.38
348,31,965,0.5
348,11,644,0.11
349,30,Blue,0.56
349,9,48.17,0.16
349,18,Blue,0.2
349,23,41.28,0.64
349,27,89.01,0.81
350,19,411,0.75
350,29,76.34,0.94
350,16,White,0.71
350,17,58.74,0.49
350,12,Black,0.58
351,6,624,0.3
351,10,71.12,0.51
351,17,42.86,0.97
351,26,493,0.2
351,21,Green,0.45
352,18,Green,0.44
352,29,91.32,0.15
352,23,11.18,0.39
352,19,510,0.8
352,4,27.03,0.87
353,4,20.74,0.79
353,13,Yellow,0.38
353,25,336,0.27
353,6,190,0.12
353,10,10.26,0.74
354,14,71.95,0.15
354,9,1.41,0.29
354,6,515,0.59
354,1,739,0.35
354,11,512,0.75
355,19,983,0.62
355,10,41.44,0.88
355,28,191,0.48
355,8,4.85,0.66
355,6,886,0.77
356,7,16.52,0.78
356,12,White,0.98
356,19,908,0.96
356,16,Silver,0.29
356,26,141,0.97
357,13,Silver,0.55
357,9,69.53,0.23
357,11,895,0.86
357,2,Black,0.54
357,18,Red,0.44
358,18,Silver,0.62
358,9,29.54,0.38
358,31,737,0.35
358,15,26.35,0.65
358,24,Yellow,0.91
359,21,White,0.77
359,1,136,0.58
359,24,White,0.25
359,14,40.03,0.99
359,23,44.15,0.63
360,23,39.23,0.41
360,30,Blue,0.68
360,28,819,0.15
360,11,393,0.66
360,19,234,0.48
361,16,Yellow,0.82
361,6,917,0.31
361,13,White,0.87
361,25,984,0.71
361,21,Yellow,0.21
362,9,49.95,0.18
362,13,Yellow,0.63
362,23,32.13,0.72
362,29,3.25,0.45
362,18,Red,0.31
363,14,24.68,0.57
363,8,44.14,0.76
363,6,589,0.68
363,2,Blue,0.14
363,21,Yellow,0.45
364,19,814,0.24
364,27,80.54,0.35
364,29,47.09,0.72
364,20,906,0.59
364,4,51.56,0.84
365,27,5.69,0.51
365,31,147,0.57
365,17,50.21,0.48
365,8,40.4,0.77
365,6,808,0.73
366,10,64.45,0.76
366,24,Blue,0.68
366,23,26.46,0.97
366,28,149,0.77
366,9,64.55,0.3
367,27,86.49,0.85
367,19,945,0.77
367,23,65.37,0.14
367,6,610,0.76
367,11,127,0.47
368,9,30.89,0.26
368,1,179,0.76
368,20,96,0.2
368,13,Yellow,0.43
368,10,38.45,0.94
369,5,93.59,0.93
369,26,343,0.6
369,12,Blue,0.97
369,13,Red,0.82
369,2,Green,0.91
370,9,90.87,0.67
370,15,15.13,0.99
370,20,717,0.89
370,31,379,0.78
370,22,Black,0.29
371,18,Green,0.18
371,30,Green,0.33
371,22,Silver,0.62
371,9,43.91,0.48
371,31,834,0.83
372,11,297,0.83
372,9,49.44,0.7
372,20,931,0.47
372,27,16.28,0.72
372,15,98.48,0.21
373,3,984,0.51
373,26,702,0.61
373,8,91.48,0.75
373,16,White,0.95
373,30,Red,0.25
374,9,66.63,0.24
374,24,Red,0.85
374,8,81.55,0.62
374,26,8,0.98
374,10,51.18,0.41
375,25,947,0.77
375,3,183,0.7
375,17,83.88,0.45
375,21,Green,0.87
375,2,White,0.6
376,5,65.67,0.67
376,29,25.24,0.74
376,18,Yellow,0.61
376,19,821,0.96
376,9,43.95,0.45
377,31,69,0.4
377,9,11.9,0.66
377,15,37.09,0.3
377,28,347,0.87
377,20,831,0.1
378,7,79.01,0.41
378,27,48.03,0.85
378,13,Yellow,0.22
378,29,5.24,0.76
378,28,250,0.67
379,23,74.15,0.21
379,31,195,0.8
379,4,80.03,0.99
379,8,39.23,0.33
379,9,43.92,0.16
380,2,Green,0.7
380,7,17.07,0.59
380,18,Blue,0.42
380,15,6.65,0.47
380,16,White,0.93
381,3,612,0.25
381,21,Blue,0.29
381,4,11.38,0.9
381,1,82,0.24
381,25,297,0.27
382,29,22.75,0.54
382,24,Green,0.24
382,16,Yellow,0.49
382,7,92.01,0.53
382,8,78.64,0.91
383,22,White,0.3
383,15,98.83,0.38
383,11,755,0.11
383,20,247,0.34
383,19,722,0.57
384,25,659,0.25
384,27,94.44,0.27
384,28,414,0.31
384,12,Silver,0.92
384,31,735,0.21
385,21,Silver,0.69
385,12,White,0.71
385,27,86.73,0.78
385,8,62.44,0.83
385,7,30.0,0.34
386,7,33.04,0.2
386,25,439,0.29
386,5,78.41,0.68
386,17,62.08,0.19
386,10,36.18,0.81
387,13,Green,0.37
387,1,701,0.73
387,26,783,0.93
387,11,158,0.41
387,4,22.03,0.6
388,21,Blue,0.59
388,25,685,0.63
388,11,661,0.59
388,30,White,0.79
388,26,530,0.7
389,20,351,0.72
389,31,780,0.94
389,21,Blue,0.68
389,23,17.16,0.66
389,7,79.1,0.72
390,23,4.2,0.92
390,8,97.09,0.7
390,3,776,0.27
390,5,18.95,0.78
390,10,29.33,0.51
391,31,807,0.21
391,13,Green,0.59
391,8,27.13,0.66
391,2,Green,1.0
391,3,265,0.68
392,20,463,0.73
392,19,346,0.72
392,30,Green,0.15
392,28,108,0.25
392,15,56.5,0.16
393,2,Silver,0.29
393,30,Silver,0.27
393,15,43.76,0.98
393,20,97,0.87
393,31,302,0.54
394,1,976,0.55
394,13,Green,0.99
394,25,13,0.12
394,15,4.21,0.32
394,11,585,0.92
395,31,13,0.7
395,23,1.64,0.81
395,27,51.23,0.19
395,24,Yellow,0.61
395,22,Green,0.49
396,17,40.73,0.3
396,15,37.46,0.23
396,13,Yellow,0.39
396,20,507,0.21
396,26,322,0.71
397,16,Blue,0.52
397,19,75,0.83
397,14,26.23,0.7
397,9,9.09,0.98
397,11,263,0.85
398,29,66.08,0.76
398,26,9,0.65
398,25,314,0.16
398,11,456,0.21
398,23,11.35,0.26
399,3,263,0.33
399,18,Silver,0.28
399,23,6.72,0.95
399,28,502,1.0
399,7,61.63,0.24
400,24,White,0.27
400,27,14.48,0.63
400,12,Blue,0.28
400,22,Black,0.72
400,3,535,0.84
401,6,601,0.78
401,7,90.13,0.2
401,15,38.29,0.51
401,8,62.97,0.71
401,31,97,0.2
402,16,Black,0.18
402,28,326,0.1
402,20,955,0.28
402,30,Silver,0.71
402,4,69.38,0.58
403,6,21,0.7
403,15,23.78,0.17
403,31,139,0.67
403,17,58.54,0.59
403,5,38.74,0.71
404,30,Red,0.98
404,3,16,0.74
404,19,391,0.18
404,28,319,0.66
404,27,85.64,0.96
405,23,81.63,0.14
405,2,Green,0.15
405,19,811,0.94
405,26,540,0.45
405,30,White,0.27
406,19,967,0.75
406,30,Green,0.79
406,8,13.93,0.96
406,21,Green,0.57
406,12,Black,0.47
407,16,White,0.88
407,15,6.07,0.28
407,31,267,0.77
407,4,7.05,0.87
407,13,Yellow,0.48
408,26,965,0.7
408,2,Red,0.8
408,30,Yellow,0.24
408,27,62.81,0.61
408,1,12,0.56
409,26,641,0.19
409,10,63.26,0.53
409,8,37.97,1.0
409,28,129,0.41
409,13,Black,0.51
410,15,7.09,0.28
410,26,997,0.89
410,22,Yellow,0.45
410,24,Red,0.77
410,17,79.36,0.68
411,30,White,0.19
411,28,115,0.6
411,27,39.92,0.77
411,6,551,0.45
411,2,Blue,0.98
412,8,76.85,0.7
412,6,670,0.45
412,18,Yellow,0.56
412,17,79.76,0.42
412,22,Yellow,0.76
413,19,660,0.16
413,12,Blue,0.24
413,24,Yellow,0.45
413,29,96.69,0.22
413,14,71.5,0.54
414,21,Red,0.11
414,30,Green,0.36
414,2,Yellow,0.54
414,11,314,0.52
414,26,497,0.58
415,31,657,0.14
415,22,Red,0.14
415,12,Yellow,0.58
415,19,501,0.9
415,23,53.98,0.94
416,17,78.11,0.69
416,15,52.85,0.43
416,11,369,0.84
416,24,Blue,0.45
416,4,19.41,0.81
417,9,5.79,0.25
417,20,862,0.33
417,13,Yellow,0.85
417,25,932,0.94
417,22,Yellow,0.26
418,25,518,0.84
418,9,39.96,0.88
418,13,Red,0.48
418,14,45.32,0.61
418,31,225,0.39
419,31,728,0.92
419,10,1.8,0.91
419,14,76.09,0.39
419,4,15.72,0.27
419,11,337,0.53
420,2,Black,0.84
420,25,502,0.66
420,29,33.31,0.14
420,13,White,0.29
420,22,Silver,0.31
421,25,976,0.67
421,16,Green,0.51
421,30,Black,0.2
421,26,833,0.85
421,19,848,1.0
422,27,3.25,0.66
422,31,220,0.21
422,13,Silver,0.15
422,25,316,0.69
422,15,55.51,0.65
423,11,450,0.68
423,26,174,0.12
423,1,448,0.2
423,6,746,0.52
423,29,77.22,0.69
424,17,3.31,0.46
424,15,5.48,0.9
424,20,677,0.53
424,2,Yellow,0.33
424,26,27,0.85
425,24,Blue,0.79
425,20,323,0.31
425,13,White,0.15
425,12,White,0.57
425,8,24.0,0.13
426,4,52.95,0.63
426,24,Silver,0.1
426,23,30.61,0.27
426,29,78.44,0.85
426,6,11,0.77
427,14,98.82,0.4
427,2,Red,0.53
427,27,59.22,0.17
427,19,706,0.66
427,12,White,0.57
428,21,Green,0.89
428,11,105,0.43
428,23,32.96,0.92
428,31,175,0.33
428,5,16.06,0.41
429,31,629,0.63
429,21,White,0.84
429,24,Green,0.75
429,26,294,0.18
429,13,Black,0.66
430,1,120,0.54
430,27,37.93,0.97
430,9,21.71,0.61
430,8,6.19,0.67
430,20,976,0.41
431,31,636,0.71
431,26,929,0.34
431,27,76.19,0.75
431,16,Blue,0.18
431,5,96.97,0.99
432,30,White,0.31
432,6,348,0.16
432,19,664,0.52
432,5,29.2,0.66
432,22,White,0.57
433,25,831,0.66
433,9,95.95,0.85
433,5,18.77,0.4
433,16,Yellow,1.0
433,21,Blue,0.26
434,12,Silver,0.97
434,30,Black,0.55
434,26,855,0.67
434,17,74.53,0.82
434,25,981,0.18
435,5,93.3,0.53
435,13,Black,0.25
435,9,77.93,0.97
435,10,41.43,0.54
435,14,79.25,0.69
436,7,60.07,0.21
436,20,746,0.84
436,19,746,0.52
436,31,726,0.24
436,10,93.72,0.67
437,10,83.49,0.97
437,12,Red,0.6
437,2,Red,0.7
437,11,493,0.37
437,5,36.31,0.32
438,25,360,0.45
438,6,647,0.43
438,18,Blue,0.92
438,12,Silver,0.87
438,27,66.2,0.91
439,17,99.51,0.87
439,4,88.72,0.65
439,11,697,0.36
439,24,White,0.98
439,6,106,0.61
440,21,Black,0.94
440,11,634,0.85
440,10,97.03,0.87
440,5,63.0,0.89
440,27,82.76,0.75
441,5,58.76,0.53
441,14,53.6,1.0
441,22,Yellow,0.91
441,31,711,0.93
441,20,758,0.36
442,24,White,0.95
442,19,292,0.95
442,2,Blue,0.18
442,25,137,0.28
442,9,17.57,0.29
443,13,Black,0.64
443,17,32.59,0.67
443,10,32.61,0.11
443,5,13.35,0.37
443,6,189,0.76
444,17,68.14,0.74
444,12,White,0.27
444,16,Blue,0.16
444,26,972,0.61
444,4,40.58,0.74
445,25,689,0.19
445,11,613,0.42
445,6,782,0.99
445,29,91.8,0.2
445,19,9,0.24
446,26,906,0.74
446,3,852,0.22
446,19,478,0.65
446,15,81.2,0.25
446,7,36.64,0.92
447,16,White,0.73
447,5,77.49,0.14
447,19,766,0.95
447,25,496,0.23
447,20,161,0.77
448,18,White,0.28
448,21,White,0.44
448,13,Black,0.99
448,28,837,0.5
448,16,Yellow,0.91
449,9,80.03,0.69
449,15,98.46,0.63
449,25,905,0.23
449,18,Red,0.48
449,7,81.1,0.33
450,29,33.2,0.18
450,17,55.64,0.37
450,31,87,0.54
450,1,667,0.91
450,20,131,0.47
451,13,Green,0.95
451,26,566,0.88
451,28,758,0.26
451,27,90.66,0.15
451,5,10.56,0.35
452,6,637,0.8
452,29,63.58,0.93
452,31,296,0.48
452,30,White,0.79
452,10,17.19,0.69
453,13,Black,0.2
453,11,615,0.69
453,9,13.11,0.65
453,16,Silver,0.92
453,25,540,0.54
454,16,Blue,0.62
454,18,Yellow,0.88
454,20,328,0.58
454,13,Blue,0.49
454,9,27.37,0.16
455,23,73.13,0.29
455,16,Green,0.95
455,15,82.73,0.15
455,21,Black,0.37
455,26,318,0.56
456,27,66.86,0.79
456,2,Black,0.83
456,29,72.9,0.28
456,23,21.36,0.81
456,28,400,0.54
457,7,22.12,0.24
457,29,9.46,0.78
457,19,534,0.7
457,18,Silver,0.93
457,23,43.11,0.93
458,10,70.87,0.32
458,8,59.04,0.84
458,18,Black,0.26
458,25,875,0.84
458,20,631,0.3
459,21,Green,0.87
459,27,34.43,0.41
459,19,867,0.85
459,6,512,0.63
459,7,59.19,0.11
460,15,89.08,0.5
460,10,65.21,0.76
460,11,871,0.87
460,5,56.27,0.64
460,31,110,0.92
461,5,68.18,0.65
461,11,137,0.49
461,13,Silver,0.19
461,31,337,0.5
461,4,74.37,0.71
462,10,86.51,0.64
462,20,330,0.33
462,26,405,0.58
462,29,19.12,0.87
462,6,61,0.11
463,27,27.03,0.16
463,23,85.75,0.87
463,21,Silver,0.85
463,5,18.85,0.31
463,14,11.41,0.87
464,13,White,0.83
464,19,31,0.26
464,11,206,0.85
464,23,28.24,0.89
464,9,47.76,0.62
465,14,73.45,0.45
465,3,538,0.65
465,4,22.59,0.72
465,15,84.82,0.41
465,26,272,0.35
466,23,24.95,0.6
466,19,517,0.59
466,24,Silver,0.57
466,11,242,0.74
466,28,83,0.25
467,18,Red,0.95
467,16,Yellow,0.21
467,28,429,0.97
467,8,44.38,0.43
467,20,898,0.21
468,19,449,0.78
468,30,Black,0.4
468,23,78.78,0.7
468,2,White,0.27
468,11,818,0.58
469,7,12.95,0.35
469,2,Blue,0.64
469,28,523,0.38
469,9,18.19,0.25
469,8,70.68,0.64
470,2,Red,0.13
470,7,29.41,0.33
470,18,Red,0.93
470,26,538,0.19
470,9,45.95,0.93
471,8,41.25,0.83
471,13,Red,0.61
471,28,885,0.63
471,27,10.83,0.89
471,12,Yellow,0.39
472,8,20.12,0.48
472,27,14.08,0.63
472,29,55.95,0.29
472,28,597,0.35
472,11,651,0.45
473,16,Silver,0.43
473,3,159,0.63
473,13,Green,0.46
473,31,804,0.62
473,20,906,0.61
474,2,Black,0.54
474,9,97.86,0.72
474,11,128,0.38
474,26,724,0.13
474,22,Black,0.43
475,7,27.28,0.64
475,27,61.53,0.54
475,17,96.82,0.79
475,8,57.98,0.13
475,26,987,0.53
476,28,392,0.83
476,6,182,0.37
476,26,593,0.67
476,8,18.2,0.18
476,14,81.59,0.66
477,17,43.97,0.34
477,8,71.45,0.73
477,13,Red,0.98
477,25,298,0.45
477,6,877,0.97
478,25,816,0.16
478,29,15.97,0.77
478,17,57.83,0.71
478,10,42.42,0.76
478,14,34.56,0.61
479,16,White,0.98
479,19,911,0.37
479,25,919,0.47
479,7,94.27,0.53
479,13,Yellow,0.79
480,24,Silver,0.99
480,19,275,0.95
480,23,32.05,0.29
480,17,94.99,0.49
480,14,34.36,0.79
481,17,50.04,0.97
481,2,Silver,0.18
481,11,886,0.37
481,30,White,0.77
481,10,91.82,0.24
482,27,41.87,0.21
482,25,137,0.22
482,24,White,0.16
482,20,853,0.75
482,1,201,0.29
483,30,Red,0.22
483,8,61.32,0.3
483,22,White,0.21
483,14,31.23,0.56
483,28,753,0.73
484,29,34.54,0.7
484,22,Red,0.87
484,3,747,0.63
484,13,Green,0.29
484,16,Silver,0.78
485,20,916,0.35
485,22,Silver,0.12
485,21,White,0.81
485,26,352,0.23
485,4,38.51,0.79
486,31,628,0.71
486,8,94.3,0.45
486,10,92.31,0.38
486,26,133,0.59
486,30,Silver,0.37
487,29,6.51,0.69
487,25,560,0.12
487,7,30.52,0.3
487,15,39.81,0.14
487,16,Black,0.16
488,24,Green,0.61
488,26,115,0.6
488,9,95.25,0.3
488,2,Yellow,0.93
488,30,Green,0.95
489,10,81.23,0.14
489,11,670,0.21
489,1,115,0.65
489,30,Silver,0.19
489,15,60.07,0.45
490,24,White,0.64
490,14,65.1,0.42
490,11,462,0.28
490,13,Silver,0.88
490,22,Green,0.57
491,6,164,0.97
491,26,362,0.21
491,11,480,0.25
491,10,44.64,0.53
491,12,Red,0.19
492,15,12.01,0.6
492,2,Red,0.13
492,21,Green,0.88
492,5,97.65,0.97
492,30,Silver,0.68
493,25,414,0.62
493,8,82.26,0.66
493,20,565,0.64
493,23,9.08,0.74
493,6,556,0.2
494,30,White,0.29
494,9,66.14,0.69
494,14,59.2,0.77
494,1,181,0.69
494,13,Blue,0.18
495,13,Yellow,0.49
495,28,70,0.53
495,25,546,0.55
495,30,Red,0.41
495,9,61.33,0.73
496,28,454,0.25
496,25,705,0.62
496,3,404,0.93
496,13,Black,0.23
496,17,45.99,0.57
497,18,Blue,0.74
497,10,11.43,0.12
497,19,692,0.71
497,17,9.12,0.58
497,31,100,0.61
498,11,932,0.55
498,15,15.48,0.53
498,9,26.01,0.7
498,7,88.53,0.92
498,29,53.26,0.56
499,2,Black,0.34
499,5,87.58,0.25
499,12,Green,0.94
499,20,156,0.79
499,6,812,0.41
500,3,225,0.56
500,30,Yellow,0.65
500,14,18.75,0.24
500,10,56.96,0.8
500,8,13.06,0.83
501,24,Blue,0.16
501,13,Silver,0.51
501,26,729,0.29
501,27,66.94,0.34
501,20,974,0.44
502,18,Red,0.59
502,4,2.76,0.37
502,31,614,0.49
502,15,22.21,0.84
502,10,29.97,0.86
503,17,66.07,0.73
503,30,Green,0.21
503,16,White,0.11
503,29,65.0,0.33
503,1,678,0.26
504,22,Green,0.29
504,10,5.74,0.13
504,1,794,0.41
504,8,43.57,0.91
504,13,White,0.7
505,16,Yellow,0.15
505,29,96.62,0.53
505,5,6.54,0.44
505,2,Blue,0.74
505,3,50,0.16
506,21,Green,0.79
506,2,Yellow,0.37
506,27,63.82,0.76
506,14,41.81,0.11
506,6,267,0.56
507,3,988,0.55
507,29,64.42,0.81
507,10,27.44,0.84
507,4,45.47,0.8
507,31,775,0.61
508,14,47.69,0.37
508,22,Red,0.64
508,18,Blue,0.58
508,23,10.58,0.44
508,28,293,0.85
509,27,59.08,0.93
509,1,587,0.58
509,10,61.13,0.76
509,23,14.87,0.3
509,12,Red,0.4
510,13,Black,0.29
510,6,241,0.41
510,27,88.25,1.0
510,30,White,0.18
510,25,20,0.84
511,25,69,0.58
511,13,White,0.98
511,29,9.54,0.8
511,21,White,0.59
511,17,46.09,0.34
512,31,455,0.48
512,14,40.65,0.42
512,1,520,0.88
512,22,White,0.36
512,29,1.05,0.94
513,3,299,0.51
513,10,28.86,0.91
513,11,124,0.81
513,31,424,0.37
513,2,Silver,0.68
514,10,64.74,0.53
514,18,White,0.4
514,19,184,0.67
514,23,33.13,0.47
514,12,Yellow,0.65
515,25,734,0.14
515,8,15.73,0.32
515,4,91.93,0.72
515,21,Silver,0.24
515,10,10.59,0.82
516,22,Green,0.21
516,20,494,0.65
516,30,Black,0.15
516,10,64.64,0.28
516,4,89.65,0.46
517,7,52.15,0.82
517,28,779,0.72
517,11,873,0.26
517,4,39.3,0.5
517,5,29.45,0.14
518,20,107,0.58
518,28,915,0.86
518,25,7,0.29
518,29,59.56,0.69
518,17,50.12,0.58
519,12,Red,0.17
519,22,Black,0.66
519,8,8.98,0.72
519,4,10.65,0.78
519,30,Silver,0.29
520,13,Yellow,0.11
520,29,52.12,0.14
520,16,Silver,0.44
520,6,214,0.75
520,4,15.93,0.76
521,8,27.26,0.86
521,29,30.01,0.93
521,6,614,0.64
521,26,463,0.27
521,25,134,0.31
522,17,12.74,0.28
522,15,84.58,0.16
522,23,96.36,0.16
522,31,629,0.3
522,24,Red,0.34
523,10,17.36,0.56
523,13,Black,0.36
523,25,824,0.29
523,15,13.3,0.61
523,20,490,0.26
524,10,10.68,0.53
524,9,6.65,0.91
524,21,Red,0.36
524,7,4.4,0.8
524,1,289,0.27
525,30,Blue,0.24
525,6,595,0.44
525,18,Yellow,0.8
525,13,White,0.75
525,31,967,0.36
526,20,935,0.57
526,28,631,0.42
526,24,Green,0.69
526,8,27.77,0.7
526,27,10.24,0.75
527,8,97.68,0.72
527,21,Black,0.58
527,14,66.46,0.55
527,5,35.75,0.18
527,30,Red,0.81
528,27,11.53,0.92
528,31,160,0.95
528,13,Silver,0.48
528,30,Yellow,0.33
528,12,Blue,0.35
529,25,698,0.96
529,12,Black,0.39
529,31,294,0.77
529,21,Green,0.32
529,29,47.36,0.46
530,2,Silver,0.57
530,8,48.37,0.55
530,14,18.53,0.47
530,16,White,0.85
530,6,216,0.83
531,11,88,0.54
531,19,560,0.31
531,13,Blue,0.65
531,14,54.2,0.94
531,28,808,0.66
532,25,834,0.97
532,6,587,0.89
532,10,18.33,0.92
532,4,43.89,0.25
532,11,394,0.23
533,4,7.31,0.29
533,17,34.02,0.75
533,3,329,0.64
533,9,60.52,0.25
533,13,Black,0.59
534,11,756,0.18
534,17,35.07,0.68
534,31,795,0.83
534,2,Red,0.89
534,1,365,0.67
535,26,271,0.21
535,5,79.2,0.34
535,2,Silver,0.52
535,9,72.91,0.44
535,8,68.85,0.8
536,9,53.47,0.28
536,29,85.96,0.72
536,21,Blue,0.79
536,14,99.45,0.88
536,30,Blue,0.74
537,30,Yellow,0.13
537,4,47.93,0.17
537,6,408,0.88
537,12,Blue,0.85
537,11,14,0.32
538,12,Silver,0.47
538,10,39.71,0.33
538,14,81.17,0.5
538,24,Green,0.99
538,7,46.31,0.85
539,10,75.11,0.82
539,19,783,0.33
539,26,355,0.85
539,13,Red,0.29
539,12,Yellow,0.5
540,17,57.45,0.99
540,16,Green,0.13
540,29,30.95,0.82
540,28,327,0.42
540,31,286,0.85
541,20,458,0.8
541,22,Red,0.15
541,25,887,0.9
541,21,Red,0.83
541,19,568,0.44
542,24,Red,0.52
542,23,86.48,0.67
542,22,White,0.85
542,8,8.6,0.74
542,15,39.77,0.48
543,26,319,0.33
543,27,92.23,0.72
543,2,Silver,0.41
543,8,67.2,0.82
543,21,Blue,0.17
544,21,Silver,0.15
544,19,321,0.5
544,31,570,0.38
544,7,89.39,0.3
544,17,15.85,0.6
545,20,737,0.16
545,16,White,0.25
545,30,Black,0.42
545,7,64.08,0.77
545,9,98.26,0.76
546,22,White,0.78
546,19,467,0.95
546,12,Blue,0.22
546,13,Silver,0.92
546,20,62,0.56
547,1,715,0.69
547,22,Silver,0.78
547,9,36.61,0.57
547,3,657,0.73
547,29,23.82,0.59
548,6,455,0.14
548,2,Green,0.66
548,25,68,0.29
548,26,944,0.98
548,14,3.96,0.12
549,4,22.77,0.27
549,6,722,0.6
549,28,654,0.45
549,1,464,0.1
549,29,81.33,0.49
550,27,45.34,0.44
550,12,Black,0.66
550,26,828,0.13
550,29,23.2,0.95
550,3,723,0.7
551,30,Blue,0.79
551,5,74.2,0.14
551,23,65.32,0.71
551,25,735,0.71
551,14,76.95,0.36
552,20,128,0.36
552,5,91.63,0.22
552,24,Silver,0.54
552,14,91.85,0.42
552,30,White,0.23
553,12,Black,0.72
553,17,25.51,0.98
553,29,55.75,0.8
553,3,319,0.11
553,25,143,0.89
554,28,74,0.4
554,8,14.31,0.43
554,25,67,0.66
554,13,Blue,0.58
554,27,94.42,0.27
555,27,90.74,0.7
555,7,7.78,0.11
555,5,76.95,0.8
555,22,Black,0.52
555,2,Yellow,0.83
556,6,731,0.39
556,24,Red,0.68
556,13,Red,0.9
556,31,907,0.21
556,3,883,0.65
557,26,350,0.1
557,15,85.88,0.61
557,14,97.7,0.69
557,9,83.09,0.56
557,8,73.89,0.69
558,14,67.67,0.18
558,11,975,0.46
558,22,Silver,0.16
558,18,Red,0.93
558,27,90.04,0.4
559,21,Green,0.16
559,24,Silver,0.11
559,8,29.61,0.99
559,26,317,0.71
559,31,43,0.6
560,1,4,0.72
560,24,Yellow,0.51
560,19,870,0.64
560,28,121,0.84
560,18,Green,0.59
561,3,292,0.31
561,25,347,0.3
561,29,18.28,0.67
561,21,Blue,0.72
561,27,67.26,0.33
562,23,18.13,0.25
562,30,Yellow,0.79
562,16,Black,0.3
562,28,148,0.84
562,3,658,0.78
563,26,398,0.11
563,11,110,0.67
563,14,9.79,0.41
563,18,White,0.63
563,16,Yellow,0.77
564,5,66.3,0.94
564,6,252,0.95
564,18,Silver,0.25
564,24,Silver,0.99
564,25,917,0.98
565,15,36.67,0.28
565,1,73,0.34
565,21,Yellow,0.22
565,18,Red,0.71
565,26,661,1.0
566,10,82.77,0.32
566,13,Red,0.76
566,8,25.38,0.98
566,18,Black,0.65
566,1,836,0.82
567,24,Red,0.16
567,12,Blue,0.21
567,6,727,0.51
567,27,1.65,0.85
567,9,14.64,0.12
568,30,Blue,0.35
568,18,Blue,0.61
568,5,45.02,0.74
568,17,27.85,0.33
568,14,45.27,0.19
569,15,16.49,0.67
569,16,Red,0.44
569,19,553,0.86
569,17,42.56,0.37
569,27,18.2,0.59
570,27,62.42,0.38
570,18,White,0.13
570,11,458,0.98
570,14,19.43,0.22
570,20,148,0.89
571,26,164,0.66
571,27,50.87,0.35
571,15,51.69,0.34
571,23,31.97,0.86
571,3,961,0.17
572,28,887,0.36
572,7,20.6,0.56
572,4,15.08,0.48
572,16,Green,0.52
572,11,842,0.76
573,8,53.99,0.49
573,13,Yellow,0.5
573,23,42.45,0.95
573,7,41.13,0.39
573,9,26.64,0.22
574,26,871,0.15
574,15,37.92,0.46
574,9,91.35,0.83
574,19,881,0.83
574,17,75.26,0.58
575,25,261,0.68
575,8,60.47,0.86
575,12,White,0.51
575,7,32.58,0.29
575,6,762,0.22
576,26,989,0.22
576,17,58.65,0.54
576,31,273,0.64
576,1,518,0.51
576,29,12.51,0.64
577,20,593,0.4
577,21,Green,0.79
577,28,299,0.88
577,26,618,0.98
577,17,89.54,0.16
578,29,33.91,0.69
578,5,42.46,0.89
578,2,Black,0.41
578,10,48.33,0.97
578,13,Silver,0.91
579,28,364,0.32
579,31,532,0.55
579,9,3.74,0.14
579,5,49.37,0.84
579,13,Black,0.85
580,10,99.6,0.52
580,15,1.83,0.8
580,30,Silver,0.61
580,1,788,0.15
580,17,87.01,0.39
581,14,87.33,0.18
581,15,47.32,0.34
581,2,Red,0.13
581,3,624,0.43
581,12,White,0.74
582,19,400,0.48
582,14,40.74,0.12
582,13,White,0.73
582,7,74.41,0.1
582,9,89.46,0.62
583,22,Black,0.16
583,9,30.89,0.91
583,1,858,0.62
583,26,892,0.72
583,11,248,0.21
584,15,98.84,0.85
584,3,131,0.98
584,18,White,0.51
584,30,Green,0.79
584,17,8.93,0.63
585,20,429,0.91
585,24,White,0.24
585,9,32.73,0.57
585,15,77.53,0.46
585,7,8.17,0.75
586,4,67.18,0.29
586,1,641,0.14
586,7,88.66,0.55
586,30,Yellow,0.25
586,6,844,0.12
587,22,Yellow,0.14
587,3,577,0.22
587,2,Yellow,0.73
587,13,Blue,0.77
587,19,395,0.57
588,12,Yellow,0.79
588,6,422,0.15
588,11,205,0.63
588,4,66.34,0.85
588,26,738,0.98
589,29,82.04,0.9
589,12,White,0.93
589,22,Blue,0.47
589,8,10.82,0.5
589,10,67.31,0.96
590,14,57.87,0.33
590,29,45.7,0.7
590,5,48.28,0.59
590,19,442,0.17
590,20,448,0.92
591,8,94.17,0.38
591,27,68.56,0.9
591,25,905,0.88
591,5,59.49,0.19
591,10,6.33,0.33
592,2,White,0.12
592,15,18.01,0.47
592,30,Blue,0.66
592,28,2,0.33
592,17,57.84,0.77
593,22,Yellow,0.52
593,5,96.61,0.17
593,11,695,0.64
593,13,Silver,0.38
593,20,165,0.76
594,6,452,0.89
594,3,17,0.23
594,20,393,0.32
594,27,6.74,0.19
594,31,509,0.2
595,4,34.99,0.39
595,10,14.06,0.31
595,21,Yellow,0.83
595,7,89.55,0.99
595,15,15.6,0.96
596,10,91.06,0.38
596,20,459,0.83
596,12,White,0.29
596,18,Black,0.45
596,26,542,0.22
597,22,Silver,0.25
597,12,Red,0.41
597,24,Blue,0.99
597,15,85.89,0.11
597,4,36.42,0.47
598,16,Green,0.51
598,19,990,0.46
598,20,223,0.31
598,31,922,0.36
598,28,735,0.95
599,30,Green,0.69
599,18,Yellow,0.69
599,5,60.14,0.58
599,28,854,0.51
599,31,376,0.63
600,14,23.92,0.28
600,19,424,0.61
600,5,23.64,0.89
600,25,818,0.97
600,6,887,0.88
601,12,Black,0.94
601,15,81.86,0.43
601,18,Blue,0.9
601,13,Blue,0.42
601,11,465,0.23
602,17,61.61,0.92
602,26,247,0.18
602,7,88.89,0.95
602,16,Green,0.46
602,10,6.95,0.16
603,29,81.14,0.26
603,8,4.93,0.64
603,10,11.42,0.77
603,11,733,0.58
603,27,64.84,0.57
604,10,33.04,0.59
604,7,88.17,0.15
604,30,Blue,0.84
604,15,40.76,0.3
604,3,117,0.71
605,4,29.98,0.45
605,2,Black,0.39
605,26,611,0.78
605,3,20,0.11
605,10,20.76,0.27
606,19,502,0.27
606,14,14.86,0.87
606,8,13.16,0.24
606,13,Blue,0.49
606,21,Red,0.13
607,25,593,0.57
607,1,324,0.35
607,8,80.8,0.33
607,12,Yellow,0.7
607,27,67.68,0.84
608,25,561,0.27
608,16,Red,0.19
608,23,62.25,0.89
608,31,450,0.56
608,30,Green,0.65
609,26,863,0.93
609,22,Green,0.3
609,11,36,0.72
609,31,574,0.66
609,10,59.81,0.39
610,18,Blue,0.13
610,20,477,0.81
610,6,859,0.27
610,2,White,0.92
610,31,788,0.58
611,7,87.38,0.95
611,12,Black,0.14
611,8,99.23,0.47
611,13,Silver,0.13
611,28,645,0.86
612,25,171,0.32
612,15,75.29,0.25
612,9,44.16,0.15
612,18,Silver,0.67
612,5,26.5,0.84
613,20,313,0.13
613,12,Silver,0.54
613,26,776,0.65
613,7,52.43,0.94
613,29,77.37,0.16
614,13,Black,0.13
614,18,Black,0.53
614,24,Black,0.92
614,8,74.16,0.11
614,30,Red,0.23
615,27,52.36,0.18
615,30,Yellow,0.49
615,10,19.39,0.23
615,28,456,0.35
615,12,Blue,0.61
616,29,49.83,0.52
616,28,630,0.18
616,13,Blue,0.79
616,1,632,0.17
616,24,Yellow,0.13
617,18,Green,0.6
617,12,Blue,0.88
617,4,38.49,0.22
617,24,Silver,0.66
617,2,Black,0.47
618,18,Green,0.13
618,3,204,0.51
618,26,399,0.14
618,20,5,0.67
618,25,349,0.12
619,19,928,0.26
619,11,230,0.67
619,1,482,0.65
619,7,7.22,0.51
619,25,497,0.34
620,3,384,0.63
620,21,White,0.26
620,12,Silver,0.59
620,28,269,0.14
620,15,36.91,0.54
621,8,97.46,0.16
621,2,Red,0.18
621,18,Red,0.56
621,5,58.62,0.74
621,1,72,0.58
622,23,26.81,0.31
622,19,179,0.59
622,24,Black,0.95
622,9,82.19,0.18
622,17,90.89,0.25
623,29,7.2,0.48
623,20,858,0.97
623,27,3.55,0.12
623,5,84.95,0.57
623,18,Black,0.23
624,2,Blue,0.37
624,10,72.23,0.44
624,31,240,0.47
624,14,73.32,0.4
624,21,Yellow,0.28
625,3,994,0.21
625,15,38.75,0.97
625,17,87.23,0.12
625,26,66,0.84
625,24,Silver,0.74
626,11,2,0.71
626,14,89.75,0.95
626,17,80.69,0.64
626,10,87.43,0.76
626,29,93.59,0.82
627,13,Yellow,0.3
627,12,Silver,0.98
627,23,16.87,0.38
627,18,White,0.21
627,26,218,0.19
628,19,220,0.39
628,1,139,0.13
628,3,271,0.3
628,20,411,0.49
628,9,96.47,0.85
629,29,2.47,0.97
629,21,Black,0.83
629,6,126,0.27
629,4,38.68,0.65
629,14,86.67,0.82
630,5,78.55,0.88
630,22,Yellow,0.54
630,4,87.31,0.46
630,30,Blue,0.96
630,29,68.02,0.39
631,25,152,0.68
631,24,Silver,0.27
631,6,904,0.88
631,26,779,0.94
631,8,24.02,0.39
632,18,Silver,0.17
632,19,679,0.31
632,3,751,0.86
632,27,16.74,0.62
632,8,22.71,0.96
633,19,816,0.7
633,26,56,0.59
633,27,45.43,0.89
633,4,46.73,0.73
633,6,21,0.89
634,29,26.23,0.58
634,11,834,0.86
634,17,6.87,0.31
634,25,857,0.79
634,20,913,0.45
635,24,Silver,0.62
635,13,Yellow,0.55
635,12,Blue,0.33
635,30,Black,0.14
635,20,974,0.92
636,29,39.69,0.19
636,10,76.12,0.11
636,25,345,0.64
636,18,Blue,0.92
636,6,211,0.17
637,3,637,0.53
637,10,46.51,0.4
637,5,19.27,0.75
637,26,906,0.75
637,22,Red,0.47
638,10,96.47,0.16
638,24,Red,0.35
638,17,3.47,0.55
638,12,Blue,0.13
638,22,White,0.57
639,28,999,0.59
639,12,Yellow,0.91
639,5,46.37,0.41
639,13,Blue,0.33
639,27,37.9,0.23
640,11,781,0.86
640,30,Silver,0.51
640,1,304,0.68
640,17,99.72,0.47
640,19,241,0.21
641,29,41.33,0.43
641,3,282,0.51
641,19,100,0.96
641,21,Red,0.42
641,4,82.27,0.17
642,15,93.24,0.87
642,8,61.25,0.25
642,20,134,0.65
642,6,259,0.57
642,12,Yellow,0.67
643,4,71.74,0.56
643,3,677,0.57
643,5,92.57,0.64
643,19,72,0.52
643,23,34.95,0.86
644,1,348,0.69
644,24,Blue,0.88
644,9,46.75,0.86
644,7,71.42,0.21
644,15,89.24,0.65
645,6,141,0.36
645,18,Blue,0.69
645,25,86,0.21
645,13,Red,0.87
645,19,732,0.93
646,12,Green,0.8
646,15,81.0,0.68
646,30,Red,0.85
646,19,950,0.61
646,5,41.82,0.14
647,11,859,0.53
647,8,65.74,0.79
647,21,Blue,0.92
647,22,Black,0.7
647,25,387,0.3
648,23,53.08,0.26
648,24,Green,0.21
648,18,Red,0.16
648,16,Yellow,0.64
648,29,64.29,0.6
649,22,Blue,0.57
649,27,84.74,0.44
649,26,387,0.94
649,20,596,0.75
649,29,82.33,0.96
650,29,13.6,0.1
650,6,121,0.26
650,31,998,0.61
650,16,Yellow,0.86
650,17,44.42,0.56
651,28,830,0.87
651,17,4.04,0.86
651,13,Black,0.87
651,25,103,0.5
651,18,Black,0.52
652,18,Yellow,0.38
652,9,20.09,0.23
652,2,Blue,0.78
652,20,182,0.74
652,6,645,0.31
653,28,674,0.64
653,30,Black,0.14
653,21,Red,0.71
653,23,49.03,0.19
653,1,304,0.74
654,17,14.13,0.34
654,16,White,0.29
654,30,Blue,0.83
654,2,Yellow,0.79
654,29,70.44,0.25
655,5,35.56,0.15
655,12,Silver,0.5
655,30,White,0.12
655,10,93.14,0.86
655,11,166,0.66
656,20,640,0.43
656,18,Green,0.75
656,21,Red,0.55
656,7,23.17,0.11
656,16,Black,0.85
657,14,55.04,0.53
657,2,Green,0.22
657,16,Red,0.31
657,9,41.0,0.55
657,7,36.78,0.79
658,16,Silver,0.32
658,8,70.51,0.48
658,23,52.36,0.24
658,9,78.43,0.19
658,4,45.56,0.45
659,20,212,0.56
659,21,Red,0.22
659,31,821,0.92
659,9,77.92,0.7
659,18,Red,0.89
660,3,103,0.64
660,28,411,0.66
660,20,694,0.83
660,17,70.87,0.59
660,5,59.0,0.74
661,15,80.67,0.23
661,14,6.67,0.65
661,5,46.37,0.21
661,31,943,0.6
661,10,75.98,0.36
662,26,898,0.18
662,19,635,0.28
662,2,Red,0.75
662,1,931,0.56
662,16,Silver,0.55
663,24,White,0.73
663,15,84.33,0.97
663,8,84.38,0.6
663,29,10.39,0.77
663,1,992,0.95
664,15,22.66,0.66
664,23,29.95,0.76
664,2,Black,0.78
664,16,White,0.69
664,3,958,0.14
665,19,990,0.6
665,15,94.77,0.69
665,6,609,0.63
665,5,11.88,0.35
665,27,98.62,0.22
666,27,80.49,0.7
666,29,67.38,0.14
666,17,81.43,0.19
666,10,42.57,0.39
666,28,325,0.12
667,28,65,0.35
667,30,Green,0.18
667,15,46.19,0.62
667,21,Silver,0.3
667,20,976,0.97
668,13,Red,0.8
668,12,Silver,0.79
668,24,White,0.77
668,31,440,0.48
668,27,88.43,0.37
669,31,364,0.45
669,15,50.2,0.56
669,25,590,0.52
669,12,Blue,0.81
669,26,667,0.79
670,10,15.03,0.8
670,23,80.61,0.88
670,22,Yellow,0.7
670,7,14.12,1.0
670,9,18.53,0.96
671,18,Yellow,0.2
671,11,230,0.87
671,2,Silver,0.7
671,12,Green,0.45
671,9,3.37,0.86
672,14,95.34,0.59
672,22,Green,0.56
672,4,18.71,0.19
672,1,974,0.49
672,3,424,0.96
673,15,5.55,0.31
673,27,18.52,0.46
673,16,Silver,0.43
673,29,79.85,0.48
673,20,38,0.86
674,7,90.92,0.37
674,24,Yellow,0.45
674,13,Green,0.95
674,17,46.86,0.25
674,20,288,0.37
675,25,351,0.57
675,20,215,0.26
675,31,863,0.77
675,24,Silver,0.34
675,28,741,0.71
676,22,Green,0.97
676,6,530,0.95
676,24,Green,0.3
676,8,64.09,0.89
676,10,34.45,0.69
677,10,98.42,0.3
677,21,Silver,0.11
677,25,580,0.46
677,24,White,0.88
677,3,384,0.73
678,10,61.24,0.79
678,19,291,0.78
678,12,Green,0.2
678,21,Black,0.68
678,7,44.19,0.6
679,2,Blue,0.56
679,17,76.61,0.68
679,23,62.86,0.76
679,3,177,0.62
679,6,248,0.66
680,18,Silver,0.85
680,12,Red,0.89
680,5,83.96,0.2
680,30,Black,0.59
680,15,23.87,0.38
681,17,73.28,0.17
681,23,49.86,0.53
681,2,White,0.63
681,28,316,0.43
681,21,Yellow,0.25
682,20,404,0.55
682,17,47.34,0.14
682,28,56,0.56
682,5,24.35,0.64
682,29,1.13,0.69
683,18,Black,0.35
683,3,912,0.16
683,5,57.88,0.91
683,30,Yellow,0.86
683,17,3.62,0.5
684,14,27.21,0.93
684,20,92,0.79
684,22,Blue,0.26
684,5,85.62,0.57
684,11,746,0.26
685,2,Yellow,0.83
685,5,42.15,0.13
685,20,609,0.85
685,3,126,0.5
685,12,Red,0.3
686,14,81.48,0.65
686,28,299,0.71
686,12,White,0.64
686,24,Black,0.83
686,29,63.88,0.84
687,10,92.19,0.96
687,31,315,0.49
687,20,694,0.79
687,19,558,0.61
687,5,89.38,0.55
688,8,40.12,0.69
688,31,608,0.65
688,20,295,0.76
688,19,131,0.8
688,1,303,0.84
689,10,9.93,0.3
689,16,Silver,0.52
689,21,Yellow,0.43
689,30,White,0.32
689,4,83.9,0.51
690,26,723,0.72
690,13,Red,0.74
690,17,42.36,0.92
690,3,257,0.2
690,14,96.49,0.74
691,26,669,0.48
691,22,Black,0.45
691,11,519,0.96
691,7,40.26,0.27
691,20,845,0.5
692,20,145,0.78
692,30,Black,0.33
692,31,595,0.78
692,23,46.66,0.65
692,1,370,0.27
693,29,62.36,0.62
693,7,31.69,0.27
693,30,Black,0.31
693,13,Red,0.93
693,1,616,0.37
694,29,23.23,0.96
694,12,White,0.69
694,9,95.61,0.78
694,27,41.64,0.66
694,5,63.3,0.24
695,25,398,0.42
695,12,Red,0.36
695,16,White,0.24
695,18,Red,0.35
695,27,78.56,0.12
696,30,Blue,0.2
696,10,42.46,0.75
696,9,9.5,0.49
696,1,985,0.46
696,21,Green,0.64
697,23,85.17,0.4
697,1,564,0.18
697,30,Red,0.54
697,21,Blue,0.95
697,3,849,0.18
698,3,554,0.15
698,6,24,0.11
698,13,Green,0.74
698,17,6.27,0.43
698,7,92.89,0.66
699,20,307,0.53
699,6,566,0.2
699,9,58.28,0.61
699,7,73.18,0.73
699,19,791,0.49
700,31,86,0.21
700,21,Green,0.85
700,22,White,0.99
700,1,671,0.92
700,6,636,0.74
701,3,247,0.23
701,9,58.53,0.61
701,15,32.25,0.83
701,28,747,0.56
701,18,Black,0.95
702,9,2.0,0.52
702,28,288,0.11
702,15,94.98,0.21
702,17,51.78,0.98
702,11,706,0.61
703,22,Blue,0.32
703,19,59,0.63
703,29,40.41,0.2
703,6,288,0.75
703,13,Yellow,0.61
704,3,552,0.71
704,4,97.37,0.79
704,24,Blue,0.28
704,11,777,0.77
704,22,Green,0.27
705,26,979,0.16
705,11,498,0.55
705,10,91.25,0.85
705,22,Green,0.93
705,1,938,0.5
706,2,Black,0.35
706,25,739,0.3
706,7,77.49,0.88
706,12,Black,0.52
706,10,56.88,0.51
707,31,478,0.97
707,22,Black,0.96
707,9,98.36,0.72
707,11,855,0.18
707,28,289,0.64
708,13,Yellow,0.6
708,19,969,0.34
708,27,99.72,0.71
708,3,570,0.69
708,29,73.69,0.83
709,20,347,0.13
709,26,77,0.65
709,7,94.37,0.33
709,14,76.65,0.3
709,12,Green,0.27
710,28,286,0.42
710,9,43.38,0.86
710,8,25.61,0.59
710,1,175,0.7
710,3,875,0.19
711,2,Black,0.58
711,15,92.42,0.21
711,1,815,0.69
711,9,88.8,0.83
711,17,9.89,0.3
712,1,294,0.48
712,31,72,0.17
712,15,51.91,0.77
712,19,25,0.58
712,18,Blue,0.33
713,29,50.46,0.35
713,22,Green,0.17
713,13,Silver,0.32
713,26,625,0.63
713,25,364,0.54
714,24,Silver,0.28
714,23,32.8,0.28
714,22,White,0.76
714,27,81.87,0.83
714,5,22.7,0.19
715,25,205,0.17
715,12,Red,0.98
715,16,Green,0.83
715,5,94.96,0.85
715,11,293,0.82
716,7,40.47,0.54
716,29,1.99,0.21
716,18,White,0.26
716,30,Black,0.75
716,20,135,0.63
717,21,Yellow,0.13
717,1,515,0.17
717,26,809,0.33
717,12,Silver,0.35
717,11,279,0.94
718,14,71.78,0.74
718,1,287,0.62
718,12,Yellow,0.69
718,15,1.5,0.56
718,11,869,0.68
719,8,9.41,0.24
719,31,589,0.51
719,19,202,0.86
719,18,White,0.16
719,1,488,0.62
720,12,Yellow,1.0
720,1,749,0.87
720,26,302,0.89
720,22,Silver,0.72
720,30,Red,0.97
721,29,96.67,0.17
721,10,4.54,0.73
721,11,192,0.23
721,5,75.9,0.55
721,19,85,0.23
722,22,Blue,0.98
722,26,826,0.15
722,30,Black,0.97
722,16,Yellow,0.42
722,8,37.04,0.76
723,14,27.72,0.73
723,31,569,0.55
723,5,76.3,0.81
723,16,Yellow,1.0
723,18,Black,0.51
724,1,240,0.23
724,6,901,0.85
724,19,558,0.98
724,18,Red,0.73
724,8,38.88,0.7
725,10,30.03,0.61
725,9,43.49,0.15
725,19,993,0.31
725,8,29.52,0.39
725,28,304,0.8
726,15,2.12,0.96
726,18,Silver,0.29
726,26,429,0.52
726,1,239,0.51
726,29,11.95,0.48
727,9,74.36,0.73
727,16,White,0.76
727,28,277,0.97
727,18,Yellow,0.82
727,12,Blue,0.59
728,30,Yellow,0.27
728,23,78.06,0.21
728,1,667,1.0
728,25,815,0.75
728,31,226,0.74
729,5,84.31,0.44
729,18,Red,0.18
729,12,Blue,0.28
729,13,Blue,0.48
729,22,Silver,0.47
730,16,White,0.36
730,2,Blue,0.29
730,12,White,0.69
730,6,641,0.66
730,24,Silver,0.12
731,6,926,0.28
731,29,87.93,0.48
731,16,Green,1.0
731,11,953,0.35
731,23,65.42,0.96
732,10,71.41,0.7
732,1,191,0.6
732,9,82.78,0.78
732,14,83.82,0.65
732,29,57.84,0.56
733,29,23.98,0.31
733,23,54.82,0.63
733,24,Yellow,0.39
733,11,549,0.72
733,14,43.77,0.62
734,19,821,0.62
734,24,Black,0.38
734,20,985,0.76
734,25,696,0.72
734,8,90.76,0.14
735,10,30.64,0.61
735,7,77.01,0.25
735,21,Silver,0.15
735,6,666,0.64
735,4,54.85,0.47
736,30,Yellow,0.43
736,7,13.28,0.14
736,5,8.43,0.88
736,17,68.57,0.41
736,18,Yellow,0.74
737,31,477,0.67
737,30,Yellow,0.18
737,23,25.99,0.44
737,25,226,0.64
737,1,94,0.39
738,11,658,0.24
738,22,Blue,0.4
738,7,30.18,0.68
738,13,Blue,0.5
738,10,74.64,0.1
739,16,Red,0.96
739,20,312,0.28
739,9,52.1,1.0
739,1,725,0.17
739,5,74.07,0.13
740,6,836,0.43
740,17,71.96,0.56
740,16,Red,0.45
740,27,73.35,0.27
740,31,777,0.86
741,31,683,0.73
741,11,255,0.93
741,23,34.26,0.99
741,3,690,0.97
741,21,Blue,0.74
742,8,99.81,0.22
742,2,Blue,0.33
742,12,Blue,0.46
742,13,Green,0.15
742,30,Silver,0.81
743,7,75.07,0.44
743,20,778,0.22
743,1,358,0.56
743,23,34.35,0.68
743,19,824,0.72
744,5,18.72,0.41
744,11,617,0.71
744,25,42,0.59
744,10,57.75,0.74
744,24,White,0.96
745,12,Silver,0.7
745,13,Blue,0.8
745,28,357,0.46
745,1,451,0.73
745,9,42.66,0.82
746,14,25.32,0.22
746,22,Red,0.29
746,3,862,0.51
746,17,46.03,0.73
746,6,625,0.5
747,11,866,0.5
747,30,Black,0.88
747,17,13.15,0.95
747,7,75.59,0.26
747,26,270,0.62
748,20,212,0.4
748,16,Yellow,0.64
748,1,959,0.9
748,22,Blue,0.83
748,10,49.16,0.3
749,1,390,1.0
749,23,19.56,0.84
749,19,25,0.54
749,6,415,0.93
749,15,52.47,0.65
750,15,69.86,0.51
750,21,Green,0.47
750,29,97.95,0.22
750,17,42.26,0.5
750,24,Yellow,0.11
751,23,42.79,0.53
751,27,15.33,0.52
751,6,607,0.8
751,2,Blue,0.87
751,5,35.62,0.45
752,5,30.82,0.67
752,10,83.67,0.51
752,30,Black,0.45
752,8,72.2,0.93
752,23,65.18,0.6
753,7,19.84,0.4
753,2,Blue,0.31
753,14,37.3,0.77
753,6,493,0.59
753,8,20.1,0.18
754,17,45.41,0.98
754,2,Green,0.28
754,26,197,0.66
754,21,Silver,0.99
754,4,49.84,0.81
755,29,54.82,0.54
755,31,447,0.72
755,7,47.24,0.11
755,24,Silver,0.45
755,10,30.24,0.91
756,4,62.55,0.68
756,15,39.97,0.13
756,22,Blue,0.58
756,1,400,0.5
756,27,2.55,0.74
757,3,320,0.72
757,20,584,0.47
757,31,881,0.78
757,22,White,0.3
757,30,White,0.95
758,4,41.65,0.84
758,21,Silver,0.85
758,31,445,0.95
758,8,33.38,0.75
758,12,Yellow,0.16
759,16,Silver,0.36
759,3,452,0.35
759,19,740,0.35
759,15,2.48,0.56
759,28,303,0.53
760,25,130,0.62
760,23,17.79,0.6
760,17,91.03,0.24
760,28,487,0.31
760,6,821,0.31
761,25,638,0.7
761,17,95.52,0.5
761,18,Red,0.47
761,4,22.04,0.47
761,21,Silver,0.96
762,5,5.52,0.47
762,17,57.38,0.16
762,16,Silver,0.28
762,28,593,0.42
762,18,Silver,0.16
763,1,680,0.17
763,9,65.28,0.37
763,4,73.91,0.89
763,21,Blue,0.82
763,5,13.07,0.16
764,23,97.51,0.69
764,21,Silver,0.26
764,16,Black,0.46
764,2,Green,0.24
764,30,Red,0.78
765,9,50.51,0.89
765,27,67.41,0.76
765,7,8.25,0.9
765,8,10.84,0.3
765,11,371,0.83
766,14,12.08,0.39
766,6,181,0.65
766,12,Silver,0.25
766,7,17.86,0.31
766,17,76.0,0.52
767,22,Red,0.24
767,18,Blue,0.31
767,24,Red,0.25
767,8,21.38,0.7
767,19,724,0.37
768,10,62.36,0.85
768,18,White,0.42
768,28,22,0.32
768,26,752,0.4
768,31,824,0.28
769,1,714,0.46
769,17,58.82,0.25
769,14,99.95,0.98
769,8,81.49,0.31
769,29,86.57,0.86
770,3,646,0.6
770,18,White,0.95
770,12,Blue,0.36
770,9,93.48,0.16
770,21,Blue,0.73
771,17,1.38,0.33
771,5,45.65,0.35
771,24,Yellow,0.85
771,8,11.77,0.2
771,30,Black,0.69
772,17,38.78,0.38
772,9,64.2,0.62
772,11,416,0.98
772,27,64.51,0.5
772,22,White,0.28
773,30,Yellow,0.73
773,21,Blue,0.77
773,8,12.91,0.29
773,5,97.68,0.28
773,24,Blue,0.3
774,9,31.39,0.58
774,21,Blue,0.48
774,13,Yellow,0.69
774,4,64.32,0.73
774,23,63.99,0.56
775,22,White,0.26
775,24,White,0.51
775,9,58.13,0.74
775,20,859,0.36
775,10,25.14,0.96
776,31,863,0.99
776,20,750,0.91
776,7,91.6,0.68
776,14,36.96,0.8
776,12,Blue,0.46
777,26,785,0.47
777,18,Blue,0.92
777,6,423,0.4
777,3,35,0.5
777,21,Red,0.93
778,9,65.6,0.85
778,11,302,0.13
778,5,84.84,0.58
778,16,Green,0.37
778,20,569,0.66
779,6,200,0.37
779,21,Red,0.15
779,30,Yellow,0.96
779,5,59.06,0.18
779,12,White,0.96
780,8,80.43,0.83
780,12,White,0.62
780,26,524,0.69
780,25,607,0.71
780,27,61.52,0.43
781,24,Yellow,0.59
781,26,403,0.41
781,20,678,0.98
781,4,48.72,0.98
781,19,889,0.4
782,26,648,0.22
782,29,64.35,0.4
782,1,938,0.34
782,4,71.97,0.79
782,27,55.27,0.96
783,15,84.34,0.87
783,17,45.65,0.65
783,21,Black,0.94
783,8,23.77,0.21
783,3,688,0.91
784,10,8.47,0.27
784,5,91.28,0.91
784,31,369,0.61
784,27,18.75,0.31
784,2,Yellow,0.33
785,27,72.8,0.15
785,4,96.09,0.29
785,20,191,0.57
785,19,712,0.74
785,14,39.14,0.11
786,31,93,0.32
786,22,Yellow,0.53
786,21,Blue,0.52
786,25,905,0.67
786,15,96.23,0.21
787,11,634,0.76
787,20,618,0.51
787,21,Green,0.7
787,19,762,0.36
787,25,815,0.89
788,27,7.09,0.65
788,2,Green,0.1
788,10,73.79,0.23
788,16,Blue,0.53
788,3,401,0.33
789,9,93.95,0.74
789,7,8.19,0.9
789,16,Green,0.31
789,31,284,0.69
789,4,63.3,0.88
790,8,20.38,0.99
790,7,23.27,0.29
790,10,74.13,0.53
790,31,875,0.42
790,29,18.81,0.32
791,6,659,0.99
791,21,Black,0.2
791,11,435,0.22
791,15,81.67,0.52
791,22,Yellow,0.49
792,30,Black,0.97
792,19,482,0.75
792,4,82.85,0.42
792,23,77.07,0.35
792,26,618,0.11
793,12,Green,0.18
793,20,176,0.82
793,30,Silver,0.4
793,17,71.19,0.58
793,3,27,0.11
794,8,48.06,0.85
794,19,7,0.94
794,16,Blue,0.6
794,4,31.09,0.99
794,18,White,0.73
795,18,Green,0.59
795,16,Black,0.57
795,19,791,0.39
795,12,White,0.14
795,25,829,0.56
796,29,86.09,0.75
796,13,Red,0.89
796,31,598,0.66
796,4,19.81,0.3
796,3,670,0.79
797,16,White,0.2
797,27,14.39,0.14
797,24,Silver,0.91
797,12,Green,0.79
797,15,14.85,0.85
798,28,47,0.59
798,5,21.77,0.16
798,2,Red,0.6
798,4,62.7,0.86
798,22,Green,0.66
799,6,115,0.17
799,14,37.87,0.67
799,30,White,0.24
799,24,White,0.49
799,5,54.77,0.16
800,14,30.99,0.29
800,3,277,0.34
800,17,62.93,0.91
800,21,Black,0.68
800,28,462,0.12
801,31,331,0.26
801,13,Black,0.68
801,25,939,0.79
801,28,645,0.46
801,12,White,0.45
802,28,640,0.63
802,9,53.74,0.72
802,2,Silver,0.18
802,3,532,0.37
802,12,Red,0.15
803,29,95.06,0.93
803,2,Red,0.22
803,22,Red,0.64
803,13,Red,0.46
803,25,662,0.32
804,24,Yellow,0.78
804,28,536,0.98
804,2,Silver,0.97
804,18,Black,0.46
804,20,461,0.47
805,15,41.09,0.93
805,18,Silver,0.75
805,17,35.16,0.56
805,5,70.0,0.26
805,6,290,0.8
806,21,Silver,0.74
806,12,Silver,0.22
806,24,Black,0.46
806,11,523,0.25
806,9,59.21,0.77
807,24,Silver,0.95
807,28,257,0.34
807,27,4.72,0.48
807,13,Red,0.55
807,5,53.09,0.28
808,31,287,0.73
808,27,90.28,0.82
808,11,933,0.55
808,25,432,0.63
808,7,72.42,0.18
809,14,46.19,0.7
809,1,954,0.37
809,19,173,0.68
809,31,363,0.4
809,20,312,0.82
810,17,68.33,0.58
810,27,37.76,0.43
810,3,452,0.63
810,15,68.76,0.68
810,13,Yellow,0.63
811,17,89.59,0.76
811,24,Black,0.45
811,26,983,0.76
811,12,Silver,0.58
811,25,520,0.44
812,12,Yellow,0.82
812,18,Blue,0.18
812,29,44.08,0.97
812,3,252,0.84
812,25,960,0.48
813,30,White,0.66
813,14,73.86,0.65
813,23,81.15,0.66
813,29,27.64,0.99
813,24,Yellow,0.29
814,17,84.51,0.91
814,3,567,0.97
814,31,990,0.2
814,5,79.67,0.84
814,10,82.45,0.51
815,22,Red,0.15
815,18,Green,0.96
815,14,77.7,0.1
815,21,Black,0.78
815,16,Yellow,0.89
816,11,509,0.79
816,4,83.18,0.27
816,9,3.61,0.7
816,25,864,0.56
816,14,65.59,0.75
817,30,Blue,0.15
817,18,Red,0.95
817,25,506,0.55
817,19,559,0.43
817,28,71,0.82
818,31,144,0.59
818,18,Green,0.42
818,24,Green,0.31
818,6,824,0.91
818,21,Green,0.16
819,23,36.47,0.85
819,14,7.25,0.81
819,21,Red,0.22
819,20,725,0.95
819,5,9.72,0.78
820,24,White,0.17
820,21,Red,0.56
820,29,40.54,0.9
820,4,22.72,0.8
820,27,62.66,0.94
821,19,296,0.84
821,11,999,0.15
821,8,58.59,0.99
821,23,9.5,0.59
821,16,Blue,0.75
822,9,23.91,0.25
822,4,75.26,0.89
822,28,793,0.8
822,24,Red,0.18
822,10,27.35,0.46
823,22,White,0.83
823,27,62.86,0.82
823,25,85,0.53
823,13,Red,0.84
823,26,363,0.74
824,13,Red,0.37
824,7,21.29,0.15
824,30,Green,0.65
824,28,635,0.38
824,5,41.85,0.43
825,27,55.29,0.92
825,24,Silver,0.94
825,22,Blue,0.24
825,23,53.61,0.22
825,28,499,0.77
826,30,Red,0.36
826,28,772,0.42
826,6,654,0.22
826,4,56.07,0.52
826,12,White,0.5
827,21,Silver,0.76
827,5,1.08,0.66
827,4,41.08,0.4
827,11,787,0.94
827,18,Blue,0.52
828,1,587,0.52
828,4,72.67,0.55
828,13,Silver,0.34
828,6,753,0.45
828,19,898,0.19
829,15,62.47,0.86
829,23,58.92,0.2
829,25,211,0.31
829,29,12.28,0.61
829,18,White,0.31
830,9,81.04,0.52
830,21,Black,0.62
830,18,Black,0.42
830,22,Black,0.19
830,17,51.97,0.24
831,17,62.2,0.28
831,27,9.13,0.77
831,21,White,0.42
831,15,15.82,0.88
831,25,850,0.85
832,7,76.62,0.19
832,5,46.23,0.55
832,18,Silver,0.34
832,21,Silver,0.57
832,6,402,0.12
833,5,74.38,0.61
833,21,Red,0.23
833,13,Blue,0.62
833,22,Blue,0.32
833,18,Silver,0.17
834,25,132,0.2
834,22,Silver,0.94
834,15,57.16,0.46
834,8,42.88,0.49
834,28,156,0.34
835,7,92.09,0.89
835,21,Blue,0.25
835,28,716,0.87
835,23,29.12,0.98
835,13,Yellow,0.21
836,18,Red,0.23
836,14,24.76,0.61
836,2,Blue,0.67
836,20,145,0.65
836,15,87.36,0.73
837,30,Blue,0.28
837,18,Silver,0.88
837,7,11.73,0.9
837,1,412,0.97
837,19,800,0.89
838,28,262,0.32
838,9,45.92,0.5
838,6,336,0.3
838,12,Green,0.17
838,26,4,0.11
839,28,745,0.5
839,26,476,0.4
839,30,Blue,0.81
839,9,40.33,0.38
839,10,1.04,0.4
840,12,Green,0.21
840,22,Blue,0.21
840,14,84.66,0.62
840,3,131,0.27
840,20,785,0.4
